day_id,week,dow,phase,day_type,reference,day_title,core,question,options,option_a,option_b,option_c,action,share,mission,fruit
W01D01,1,1,I 看见自己,看见,弗2：8-10,不用靠表现证明自己，先领受恩典，再忠心活好今天。,有时，我们会用表现给自己打分。看看：最近什么事情最容易让你觉得自己必须证明些什么？,最近什么事，让你更清楚看见“我的价值从哪里来？”？,没有留意｜已经看见｜正在面对,没有留意,已经看见,正在面对,记录一个真实场景，只写发生了什么，不急着评价自己。,可以只分享一个真实场景，不解释、不辩护。,先让福音进入自己的真实生活。,从自我证明转向忠心
W01D02,1,2,I 看见自己,挖根,林后5：17,不用靠表现证明自己，先领受恩典，再忠心活好今天。,当这件事发生时，你最怕失去什么？你是在保护什么、抓住什么，还是想证明什么？,这件事背后，我最怕失去什么？我正在保护、抓住或证明什么？,被反应推着走｜开始辨认根源｜愿意停下来,被反应推着走,开始辨认根源,愿意停下来,完成一句话：“当这件事发生时，我最怕______。,伙伴只问：“你发现了什么？”不急着给答案。,把自己的发现带进一个具体关系。,从自我证明转向忠心
W01D03,1,3,I 看见自己,回经文,弗2：8-10,不用靠表现证明自己，先领受恩典，再忠心活好今天。,如果把这件事情带到弗2：8–10面前，经文有没有让你重新看见什么？注意恩典、信心、新造与善工之间的关系。,这段经文正在挑战我过去对“我的价值从哪里来？”的哪一种看法？,有距离｜击中一点｜需要回应,有距离,击中一点,需要回应,安静读今天的核心经文5分钟，写下：“经文让我重新看见______。,分享一句经文怎样进入自己的生活，不急着评价别人。,让经文从理解变成生活选择。,从自我证明转向忠心
W01D04,1,4,I 看见自己,对照,路15,不用靠表现证明自己，先领受恩典，再忠心活好今天。,你不需要靠表现来赚取自己的身份；也不等于什么都不用做。今天看看：你的行动是在证明自己，还是从已经领受的身份出发忠心？,我的旧方式和福音方向有什么不同？今天最明显的差距在哪里？,仍按旧标准生活｜开始调整｜已经在实践,仍按旧标准生活,开始调整,已经在实践,做一个小调整，把今天已经明白的真理带进一个真实场景。,伙伴帮助辨认差距，不评价属灵程度。,让生命方向影响家庭、工作或群体。,从自我证明转向忠心
W01D05,1,5,I 看见自己,行动,约1：12-13,不用靠表现证明自己，先领受恩典，再忠心活好今天。,今天选一件事：少做一次为了证明自己的回应，多做一次单纯忠心的行动。,今天哪一个小回应最符合我已经明白的真理？,还没做｜做了一点｜认真完成了,还没做,做了一点,认真完成了,今天选一件事：少做一次为了证明自己的回应，多做一次单纯忠心的行动。,伙伴只追踪一个具体行动有没有发生，不评判结果。,一个小行动，就是生命果子的起点。,从自我证明转向忠心
W01D06,1,6,I 看见自己,关系与传递,林后5：17,不用靠表现证明自己，先领受恩典，再忠心活好今天。,可以少替别人证明自己，多给一个身边的人真实的肯定、空间或帮助。,如果我的这个回应真的发生了，身边哪个具体的人可能会感受到不同？,只顾自己｜开始留意别人｜主动做了一件事,只顾自己,开始留意别人,主动做了一件事,也许可以少替别人证明自己，多给一个身边的人真实的肯定、空间或帮助。,我最容易在哪些场景想证明自己？,把领受的恩典活成祝福,从自我证明转向忠心
W01D07,1,7,I 看见自己,回顾,弗2：8-10,不用靠表现证明自己，先领受恩典，再忠心活好今天。,回头看看这一周：你在哪里发现自己仍想证明自己？又在哪里开始学习从恩典出发忠心？,回头看看：一个看见、一个未完成、一个下一步。,没有变化｜有一个小变化｜准备继续,没有变化,有一个小变化,准备继续,写下“一个改变、一个未完成、一个下一步”。,伙伴陪伴下一步，不做属灵成绩评价。,把这一周的学习带进下一周，而不是停在课程结束。,从自我证明转向忠心
W02D01,2,1,I 看见自己,看见,路12：22-32,不能掌控明天，就忠心活好今天。,有些事情，我们明明知道控制不了，却还是忍不住想把结果抓在手里。最近有没有这样的事情？,最近什么事，让你更清楚看见“面对不确定和失控，我怎么生活？”？,没有留意｜已经看见｜正在面对,没有留意,已经看见,正在面对,记录一个真实场景，只写发生了什么，不急着评价自己。,可以只分享一个真实场景，不解释、不辩护。,先让福音进入自己的真实生活。,在不确定中仍然忠心
W02D02,2,2,I 看见自己,挖根,罗8：18-28,不能掌控明天，就忠心活好今天。,如果事情真的不按你的计划发展，你最担心失去什么？,这件事背后，我最怕失去什么？我正在保护、抓住或证明什么？,被反应推着走｜开始辨认根源｜愿意停下来,被反应推着走,开始辨认根源,愿意停下来,完成一句话：“当这件事发生时，我最怕______。,伙伴只问：“你发现了什么？”不急着给答案。,把自己的发现带进一个具体关系。,在不确定中仍然忠心
W02D03,2,3,I 看见自己,回经文,路12：22-32,不能掌控明天，就忠心活好今天。,把这件事带到路12：22–32面前。耶稣不是教人什么都不做，而是把人的心重新带回父神与祂的国。,这段经文正在挑战我过去对“面对不确定和失控，我怎么生活？”的哪一种看法？,有距离｜击中一点｜需要回应,有距离,击中一点,需要回应,安静读今天的核心经文5分钟，写下：“经文让我重新看见______。,分享一句经文怎样进入自己的生活，不急着评价别人。,让经文从理解变成生活选择。,在不确定中仍然忠心
W02D04,2,4,I 看见自己,对照,路12：22-32,不能掌控明天，就忠心活好今天。,你现在是在承担自己的责任，还是试图控制不属于你的结果？,我的旧方式和福音方向有什么不同？今天最明显的差距在哪里？,仍按旧标准生活｜开始调整｜已经在实践,仍按旧标准生活,开始调整,已经在实践,做一个小调整，把今天已经明白的真理带进一个真实场景。,伙伴帮助辨认差距，不评价属灵程度。,让生命方向影响家庭、工作或群体。,在不确定中仍然忠心
W02D05,2,5,I 看见自己,行动,约14：1-6,不能掌控明天，就忠心活好今天。,写下两件事：一件你不能控制的，交托给神；一件今天可以做的，认真完成。,今天哪一个小回应最符合我已经明白的真理？,还没做｜做了一点｜认真完成了,还没做,做了一点,认真完成了,写下两件事：一件你不能控制的，交托给神；一件今天可以做的，认真完成。,伙伴只追踪一个具体行动有没有发生，不评判结果。,一个小行动，就是生命果子的起点。,在不确定中仍然忠心
W02D06,2,6,I 看见自己,关系与传递,罗8：18-28,不能掌控明天，就忠心活好今天。,可以少替身边的人决定一步，多给他一点空间；把不能控制的交托，把自己的责任做好。,如果我的这个回应真的发生了，身边哪个具体的人可能会感受到不同？,只顾自己｜开始留意别人｜主动做了一件事,只顾自己,开始留意别人,主动做了一件事,也许可以少替身边的人决定一步，多给他一点空间；把不能控制的交托，把自己的责任做好。,我最近最想控制什么？它真的属于我的责任吗？,学习为别人提供稳定与盼望,在不确定中仍然忠心
W02D07,2,7,I 看见自己,回顾,路12：22-32,不能掌控明天，就忠心活好今天。,这一周，你在哪里发现自己把“责任”和“控制”混在一起？下一步想把哪一件事交托？,回头看看：一个看见、一个未完成、一个下一步。,没有变化｜有一个小变化｜准备继续,没有变化,有一个小变化,准备继续,写下“一个改变、一个未完成、一个下一步”。,伙伴陪伴下一步，不做属灵成绩评价。,把这一周的学习带进下一周，而不是停在课程结束。,在不确定中仍然忠心
W03D01,3,1,I 看见自己,看见,腓3：7-14,真正值得追求的，不只是得到更多，而是越来越认识基督、忠心走自己的路。,如果没有人知道，也没有人称赞，最近哪一件事你仍愿意认真做好？这个问题或许可以帮我们看见自己的“成功标准”。,最近什么事，让你更清楚看见“什么才算成功？”？,没有留意｜已经看见｜正在面对,没有留意,已经看见,正在面对,记录一个真实场景，只写发生了什么，不急着评价自己。,可以只分享一个真实场景，不解释、不辩护。,先让福音进入自己的真实生活。,从自我成功转向忠心跟随
W03D02,3,2,I 看见自己,挖根,林前1：26-31,真正值得追求的，不只是得到更多，而是越来越认识基督、忠心走自己的路。,如果一件重要的事没有达到期待，我最怕失去什么？我是在保护价值感、体面，还是别人的认可？,这件事背后，我最怕失去什么？我正在保护、抓住或证明什么？,被反应推着走｜开始辨认根源｜愿意停下来,被反应推着走,开始辨认根源,愿意停下来,完成一句话：“当这件事发生时，我最怕______。,伙伴只问：“你发现了什么？”不急着给答案。,把自己的发现带进一个具体关系。,从自我成功转向忠心跟随
W03D03,3,3,I 看见自己,回经文,腓3：7-14,真正值得追求的，不只是得到更多，而是越来越认识基督、忠心走自己的路。,带着腓3：7–14看看保罗怎样重新计算什么值得追求：他放下什么，又把什么当作至宝？,这段经文正在挑战我过去对“什么才算成功？”的哪一种看法？,有距离｜击中一点｜需要回应,有距离,击中一点,需要回应,安静读今天的核心经文5分钟，写下：“经文让我重新看见______。,分享一句经文怎样进入自己的生活，不急着评价别人。,让经文从理解变成生活选择。,从自我成功转向忠心跟随
W03D04,3,4,I 看见自己,对照,路9：23-25,真正值得追求的，不只是得到更多，而是越来越认识基督、忠心走自己的路。,过去的我可能会用结果给自己打分。今天再想一想：如果成果不再是最终尺度，我愿意怎样忠心？,我的旧方式和福音方向有什么不同？今天最明显的差距在哪里？,仍按旧标准生活｜开始调整｜已经在实践,仍按旧标准生活,开始调整,已经在实践,做一个小调整，把今天已经明白的真理带进一个真实场景。,伙伴帮助辨认差距，不评价属灵程度。,让生命方向影响家庭、工作或群体。,从自我成功转向忠心跟随
W03D05,3,5,I 看见自己,行动,约15：1-8,真正值得追求的，不只是得到更多，而是越来越认识基督、忠心走自己的路。,选一件今天真正重要的责任，把它放到优先位置，并完成其中一个具体步骤。,今天哪一个小回应最符合我已经明白的真理？,还没做｜做了一点｜认真完成了,还没做,做了一点,认真完成了,选一件今天真正重要的责任，把它放到优先位置，并完成其中一个具体步骤。,伙伴只追踪一个具体行动有没有发生，不评判结果。,一个小行动，就是生命果子的起点。,从自我成功转向忠心跟随
W03D06,3,6,I 看见自己,关系与传递,林前1：26-31,真正值得追求的，不只是得到更多，而是越来越认识基督、忠心走自己的路。,如果成功不只是“我得到什么”，今天我的时间、能力或资源能怎样成为一个人的益处？,如果我的这个回应真的发生了，身边哪个具体的人可能会感受到不同？,只顾自己｜开始留意别人｜主动做了一件事,只顾自己,开始留意别人,主动做了一件事,把今天的行动带进一个真实关系；伙伴分享一次“重新排序”的具体决定。,如果没有人知道，我还会把这件事当成功吗？,让成功观影响家庭、工作和群体,从自我成功转向忠心跟随
W03D07,3,7,I 看见自己,回顾,腓3：7-14,真正值得追求的，不只是得到更多，而是越来越认识基督、忠心走自己的路。,这一周，你的“成功标准”有没有被重新排序？什么开始松动了？什么还需要继续？,回头看看：一个看见、一个未完成、一个下一步。,没有变化｜有一个小变化｜准备继续,没有变化,有一个小变化,准备继续,写下“一个改变、一个未完成、一个下一步”。,伙伴陪伴下一步，不做属灵成绩评价。,把这一周的学习带进下一周，而不是停在课程结束。,从自我成功转向忠心跟随
W04D01,4,1,I 看见自己,看见,加1：10,不要让别人的评价替你决定怎样生活。,有些人的一句话，我们很快就忘了；有些人的一句话，却会在心里停留很久。最近有没有这样的时刻？,最近什么事，让你更清楚看见“为什么我这么在意别人怎么看我？”？,没有留意｜已经看见｜正在面对,没有留意,已经看见,正在面对,记录一个真实场景，只写发生了什么，不急着评价自己。,可以只分享一个真实场景，不解释、不辩护。,先让福音进入自己的真实生活。,从人的目光转向基督
W04D02,4,2,I 看见自己,挖根,罗12：2,不要让别人的评价替你决定怎样生活。,如果这个人真的不认可我，我最担心会发生什么？我最怕失去的是关系、体面，还是自我肯定？,这件事背后，我最怕失去什么？我正在保护、抓住或证明什么？,被反应推着走｜开始辨认根源｜愿意停下来,被反应推着走,开始辨认根源,愿意停下来,完成一句话：“当这件事发生时，我最怕______。,伙伴只问：“你发现了什么？”不急着给答案。,把自己的发现带进一个具体关系。,从人的目光转向基督
W04D03,4,3,I 看见自己,回经文,加1：10,不要让别人的评价替你决定怎样生活。,回到加1：10。保罗不是说别人怎么看都无所谓，而是在问：当人的认可与基督的托付发生冲突时，我最终听谁的？,这段经文正在挑战我过去对“为什么我这么在意别人怎么看我？”的哪一种看法？,有距离｜击中一点｜需要回应,有距离,击中一点,需要回应,安静读今天的核心经文5分钟，写下：“经文让我重新看见______。,分享一句经文怎样进入自己的生活，不急着评价别人。,让经文从理解变成生活选择。,从人的目光转向基督
W04D04,4,4,I 看见自己,对照,路14：7-11,不要让别人的评价替你决定怎样生活。,别人的看法可以听，也可能值得我们反省；但它不需要成为衡量我们最终该怎样生活的那把尺子。,我的旧方式和福音方向有什么不同？今天最明显的差距在哪里？,仍按旧标准生活｜开始调整｜已经在实践,仍按旧标准生活,开始调整,已经在实践,做一个小调整，把今天已经明白的真理带进一个真实场景。,伙伴帮助辨认差距，不评价属灵程度。,让生命方向影响家庭、工作或群体。,从人的目光转向基督
W04D05,4,5,I 看见自己,行动,约5：44,不要让别人的评价替你决定怎样生活。,找一个最近的小决定：写下“别人希望我怎样”，再写下“按照我已经明白的真理与责任，我怎样忠心”。,今天哪一个小回应最符合我已经明白的真理？,还没做｜做了一点｜认真完成了,还没做,做了一点,认真完成了,找一个最近的小决定：写下“别人希望我怎样”，再写下“按照我已经明白的真理与责任，我怎样忠心”。,伙伴只追踪一个具体行动有没有发生，不评判结果。,一个小行动，就是生命果子的起点。,从人的目光转向基督
W04D06,4,6,I 看见自己,关系与传递,罗12：2,不要让别人的评价替你决定怎样生活。,既然我不需要靠别人的评价证明自己，也可以学习少用评价去改变别人。今天给一个人具体而真诚的肯定。,如果我的这个回应真的发生了，身边哪个具体的人可能会感受到不同？,只顾自己｜开始留意别人｜主动做了一件事,只顾自己,开始留意别人,主动做了一件事,既然我不需要靠别人的评价证明自己，也可以学习少用评价去改变别人。,我最怕谁不认可我？我在怕失去什么？,在关系中给予别人真实而不控制的肯定,从人的目光转向基督
W04D07,4,7,I 看见自己,回顾,加1：10,不要让别人的评价替你决定怎样生活。,这一周，有哪些人的声音特别容易进入你的心？有没有一次，你没有急着讨好，也没有急着反抗，而是选择忠心？,回头看看：一个看见、一个未完成、一个下一步。,没有变化｜有一个小变化｜准备继续,没有变化,有一个小变化,准备继续,写下“一个改变、一个未完成、一个下一步”。,伙伴陪伴下一步，不做属灵成绩评价。,把这一周的学习带进下一周，而不是停在课程结束。,从人的目光转向基督
W05D01,5,1,I 看见自己,看见,路12：13-21,拥有不能保证满足，学习知足与感恩。,最近有没有一件事，让你明明已经拥有不少，却还是觉得差一点？,最近什么事，让你更清楚看见“为什么总觉得“还不够”？”？,没有留意｜已经看见｜正在面对,没有留意,已经看见,正在面对,记录一个真实场景，只写发生了什么，不急着评价自己。,可以只分享一个真实场景，不解释、不辩护。,先让福音进入自己的真实生活。,从匮乏感转向感恩与知足
W05D02,5,2,I 看见自己,挖根,腓4：11-13,拥有不能保证满足，学习知足与感恩。,如果这件事一直得不到，我最担心的会是什么？我想要的是东西本身，还是它带来的安全、认可或体面？,这件事背后，我最怕失去什么？我正在保护、抓住或证明什么？,被反应推着走｜开始辨认根源｜愿意停下来,被反应推着走,开始辨认根源,愿意停下来,完成一句话：“当这件事发生时，我最怕______。,伙伴只问：“你发现了什么？”不急着给答案。,把自己的发现带进一个具体关系。,从匮乏感转向感恩与知足
W05D03,5,3,I 看见自己,回经文,路12：13-21,拥有不能保证满足，学习知足与感恩。,把“还不够”的感觉带到路12：13–21和腓4：11–13面前，看看生命的安全究竟放在哪里。,这段经文正在挑战我过去对“为什么总觉得“还不够”？”的哪一种看法？,有距离｜击中一点｜需要回应,有距离,击中一点,需要回应,安静读今天的核心经文5分钟，写下：“经文让我重新看见______。,分享一句经文怎样进入自己的生活，不急着评价别人。,让经文从理解变成生活选择。,从匮乏感转向感恩与知足
W05D04,5,4,I 看见自己,对照,路12：13-21,拥有不能保证满足，学习知足与感恩。,我们可以盼望生活更好，但如果“再多一点”永远不能让我安心，也许值得停下来问问：我真正想得到的是什么？,我的旧方式和福音方向有什么不同？今天最明显的差距在哪里？,仍按旧标准生活｜开始调整｜已经在实践,仍按旧标准生活,开始调整,已经在实践,做一个小调整，把今天已经明白的真理带进一个真实场景。,伙伴帮助辨认差距，不评价属灵程度。,让生命方向影响家庭、工作或群体。,从匮乏感转向感恩与知足
W05D05,5,5,I 看见自己,行动,约一2：15-17,拥有不能保证满足，学习知足与感恩。,今天有一件原本想用来证明自己、让别人羡慕或让自己安心的事情，可以先慢一天再决定。,今天哪一个小回应最符合我已经明白的真理？,还没做｜做了一点｜认真完成了,还没做,做了一点,认真完成了,今天有一件原本想用来证明自己、让别人羡慕或让自己安心的事情，可以先慢一天再决定。,伙伴只追踪一个具体行动有没有发生，不评判结果。,一个小行动，就是生命果子的起点。,从匮乏感转向感恩与知足
W05D06,5,6,I 看见自己,关系与传递,腓4：11-13,拥有不能保证满足，学习知足与感恩。,当我们不再一直想着“我还缺什么”，手也会慢慢腾出空间去看见别人需要什么。今天用一项已有的资源帮助一个具体的人。,如果我的这个回应真的发生了，身边哪个具体的人可能会感受到不同？,只顾自己｜开始留意别人｜主动做了一件事,只顾自己,开始留意别人,主动做了一件事,当我们不再一直想着“我还缺什么”，手也会慢慢腾出空间去看见别人需要什么。,我所谓的“不够”，究竟缺的是东西，还是安全感？,把资源从自我证明转向给予,从匮乏感转向感恩与知足
W05D07,5,7,I 看见自己,回顾,路12：13-21,拥有不能保证满足，学习知足与感恩。,这一周，我在哪里一直觉得“还不够”？又在哪里第一次发现：其实我已经领受了很多？,回头看看：一个看见、一个未完成、一个下一步。,没有变化｜有一个小变化｜准备继续,没有变化,有一个小变化,准备继续,写下“一个改变、一个未完成、一个下一步”。,伙伴陪伴下一步，不做属灵成绩评价。,把这一周的学习带进下一周，而不是停在课程结束。,从匮乏感转向感恩与知足
W06D01,6,1,I 看见自己,看见,路10：38-42,不是每件事都要抓住，先分辨今天真正重要的事。,有没有一种忙，是事情真的很多；还有一种忙，是心里总觉得“这个也不能放下”？,最近什么事，让你更清楚看见“为什么我总被很多事情牵着走？”？,没有留意｜已经看见｜正在面对,没有留意,已经看见,正在面对,记录一个真实场景，只写发生了什么，不急着评价自己。,可以只分享一个真实场景，不解释、不辩护。,先让福音进入自己的真实生活。,从忙乱转向分辨
W06D02,6,2,I 看见自己,挖根,弗5：15-17,不是每件事都要抓住，先分辨今天真正重要的事。,如果你真的放下一件事，最怕发生什么？是怕让人失望、错过机会，还是失去控制？,这件事背后，我最怕失去什么？我正在保护、抓住或证明什么？,被反应推着走｜开始辨认根源｜愿意停下来,被反应推着走,开始辨认根源,愿意停下来,完成一句话：“当这件事发生时，我最怕______。,伙伴只问：“你发现了什么？”不急着给答案。,把自己的发现带进一个具体关系。,从忙乱转向分辨
W06D03,6,3,I 看见自己,回经文,路10：38-42,不是每件事都要抓住，先分辨今天真正重要的事。,带着路10：38–42看看：耶稣不是嫌马大做事，而是帮助她看见，忙碌不能代替真正重要的那一件。,这段经文正在挑战我过去对“为什么我总被很多事情牵着走？”的哪一种看法？,有距离｜击中一点｜需要回应,有距离,击中一点,需要回应,安静读今天的核心经文5分钟，写下：“经文让我重新看见______。,分享一句经文怎样进入自己的生活，不急着评价别人。,让经文从理解变成生活选择。,从忙乱转向分辨
W06D04,6,4,I 看见自己,对照,路10：38-42,不是每件事都要抓住，先分辨今天真正重要的事。,有些事不是不重要，只是今天不一定都需要你亲自去做。什么是主所看重的？,我的旧方式和福音方向有什么不同？今天最明显的差距在哪里？,仍按旧标准生活｜开始调整｜已经在实践,仍按旧标准生活,开始调整,已经在实践,做一个小调整，把今天已经明白的真理带进一个真实场景。,伙伴帮助辨认差距，不评价属灵程度。,让生命方向影响家庭、工作或群体。,从忙乱转向分辨
W06D05,6,5,I 看见自己,行动,约15：4-5,不是每件事都要抓住，先分辨今天真正重要的事。,今天为一个真正重要的人、一项责任，或与主相处的一段时间，预先留出空间，并保护它。,今天哪一个小回应最符合我已经明白的真理？,还没做｜做了一点｜认真完成了,还没做,做了一点,认真完成了,今天为一个真正重要的人、一项责任，或与主相处的一段时间，预先留出空间，并保护它。,伙伴只追踪一个具体行动有没有发生，不评判结果。,一个小行动，就是生命果子的起点。,从忙乱转向分辨
W06D06,6,6,I 看见自己,关系与传递,弗5：15-17,不是每件事都要抓住，先分辨今天真正重要的事。,我的安排最诚实地告诉我什么重要？这周愿意为谁留下一段不被事情打断的时间？,如果我的这个回应真的发生了，身边哪个具体的人可能会感受到不同？,只顾自己｜开始留意别人｜主动做了一件事,只顾自己,开始留意别人,主动做了一件事,把今天的行动带进一个真实关系；伙伴检查一次“删掉了什么”。,哪些事情正在占据我的心，却不一定是我的托付？,为家庭与群体保留真实的在场,从忙乱转向分辨
W06D07,6,7,I 看见自己,回顾,路10：38-42,不是每件事都要抓住，先分辨今天真正重要的事。,这一周，你有没有发现有些事一直抓着，其实并不是神今天交给你的？,回头看看：一个看见、一个未完成、一个下一步。,没有变化｜有一个小变化｜准备继续,没有变化,有一个小变化,准备继续,写下“一个改变、一个未完成、一个下一步”。,伙伴陪伴下一步，不做属灵成绩评价。,把这一周的学习带进下一周，而不是停在课程结束。,从忙乱转向分辨
W07D01,7,1,I 看见自己,看见,林后5：17,过去是我故事的一部分，但不是我最终的名字。,有些事情已经过去很久了，可它留下的一句话，我们还一直记得。有没有一个旧标签，你到现在还会拿来介绍自己？,最近什么事，让你更清楚看见“我的过去决定我是谁吗？”？,没有留意｜已经看见｜正在面对,没有留意,已经看见,正在面对,记录一个真实场景，只写发生了什么，不急着评价自己。,可以只分享一个真实场景，不解释、不辩护。,先让福音进入自己的真实生活。,从旧标签转向新身份
W07D02,7,2,I 看见自己,挖根,腓3：13-14,过去是我故事的一部分，但不是我最终的名字。,哪一件过去的事，你最不愿意别人提起？它为什么到今天还这么有分量？,这件事背后，我最怕失去什么？我正在保护、抓住或证明什么？,被反应推着走｜开始辨认根源｜愿意停下来,被反应推着走,开始辨认根源,愿意停下来,完成一句话：“当这件事发生时，我最怕______。,伙伴只问：“你发现了什么？”不急着给答案。,把自己的发现带进一个具体关系。,从旧标签转向新身份
W07D03,7,3,I 看见自己,回经文,林后5：17,过去是我故事的一部分，但不是我最终的名字。,带着林后5：17回到经文：在基督里成为新造的人，不是把过去假装删掉，而是让过去不再成为你最终的名字。,这段经文正在挑战我过去对“我的过去决定我是谁吗？”的哪一种看法？,有距离｜击中一点｜需要回应,有距离,击中一点,需要回应,安静读今天的核心经文5分钟，写下：“经文让我重新看见______。,分享一句经文怎样进入自己的生活，不急着评价别人。,让经文从理解变成生活选择。,从旧标签转向新身份
W07D04,7,4,I 看见自己,对照,路5：27-32,过去是我故事的一部分，但不是我最终的名字。,过去可以解释我的经历，却不能拥有我身份的最终定义权。,我的旧方式和福音方向有什么不同？今天最明显的差距在哪里？,仍按旧标准生活｜开始调整｜已经在实践,仍按旧标准生活,开始调整,已经在实践,做一个小调整，把今天已经明白的真理带进一个真实场景。,伙伴帮助辨认差距，不评价属灵程度。,让生命方向影响家庭、工作或群体。,从旧标签转向新身份
W07D05,7,5,I 看见自己,行动,约1：12-13,过去是我故事的一部分，但不是我最终的名字。,今天如果有人问起你自己，试着不要只用那一次失败来介绍自己；也说一件神正在做的新事情。,今天哪一个小回应最符合我已经明白的真理？,还没做｜做了一点｜认真完成了,还没做,做了一点,认真完成了,今天如果有人问起你自己，试着不要只用那一次失败来介绍自己；也说一件神正在做的新事情。,伙伴只追踪一个具体行动有没有发生，不评判结果。,一个小行动，就是生命果子的起点。,从旧标签转向新身份
W07D06,7,6,I 看见自己,关系与传递,腓3：13-14,过去是我故事的一部分，但不是我最终的名字。,伙伴不替你解释过去，只陪你记得：过去不是你的全部。今天用更新后的身份面对一个真实关系。,如果我的这个回应真的发生了，身边哪个具体的人可能会感受到不同？,只顾自己｜开始留意别人｜主动做了一件事,只顾自己,开始留意别人,主动做了一件事,伙伴不替你解释过去，只陪你记得：过去不是你的全部。,哪些旧标签我还在不断重复？,用更新后的身份面对家人和朋友,从旧标签转向新身份
W07D07,7,7,I 看见自己,回顾,林后5：17,过去是我故事的一部分，但不是我最终的名字。,这周你有没有发现一个旧标签？又有没有看见基督正在给你一个新的眼光？,回头看看：一个看见、一个未完成、一个下一步。,没有变化｜有一个小变化｜准备继续,没有变化,有一个小变化,准备继续,写下“一个改变、一个未完成、一个下一步”。,伙伴陪伴下一步，不做属灵成绩评价。,把这一周的学习带进下一周，而不是停在课程结束。,从旧标签转向新身份
W08D01,8,1,I 看见自己,看见,加6：4-5,少拿别人的人生衡量自己，忠心走神交给你的路。,最近有没有一个人，你明明为他高兴，心里却又有一点不是滋味？,最近什么事，让你更清楚看见“为什么我总和别人比较？”？,没有留意｜已经看见｜正在面对,没有留意,已经看见,正在面对,记录一个真实场景，只写发生了什么，不急着评价自己。,可以只分享一个真实场景，不解释、不辩护。,先让福音进入自己的真实生活。,从比较转向忠心
W08D02,8,2,I 看见自己,挖根,罗12：3,少拿别人的人生衡量自己，忠心走神交给你的路。,我最常拿自己和谁比？比什么？如果比不过他，我会怎样看自己？,这件事背后，我最怕失去什么？我正在保护、抓住或证明什么？,被反应推着走｜开始辨认根源｜愿意停下来,被反应推着走,开始辨认根源,愿意停下来,完成一句话：“当这件事发生时，我最怕______。,伙伴只问：“你发现了什么？”不急着给答案。,把自己的发现带进一个具体关系。,从比较转向忠心
W08D03,8,3,I 看见自己,回经文,加6：4-5,少拿别人的人生衡量自己，忠心走神交给你的路。,带着加6：4–5和罗12：3回到经文：注意自己的工作与神给自己的尺度，而不是用别人替自己打分。,这段经文正在挑战我过去对“为什么我总和别人比较？”的哪一种看法？,有距离｜击中一点｜需要回应,有距离,击中一点,需要回应,安静读今天的核心经文5分钟，写下：“经文让我重新看见______。,分享一句经文怎样进入自己的生活，不急着评价别人。,让经文从理解变成生活选择。,从比较转向忠心
W08D04,8,4,I 看见自己,对照,路18：9-14,少拿别人的人生衡量自己，忠心走神交给你的路。,门徒不是不看别人，而是不把别人的人生变成自己的尺子。今天看看：比较让我更忠心，还是更焦虑？,我的旧方式和福音方向有什么不同？今天最明显的差距在哪里？,仍按旧标准生活｜开始调整｜已经在实践,仍按旧标准生活,开始调整,已经在实践,做一个小调整，把今天已经明白的真理带进一个真实场景。,伙伴帮助辨认差距，不评价属灵程度。,让生命方向影响家庭、工作或群体。,从比较转向忠心
W08D05,8,5,I 看见自己,行动,约5：44,少拿别人的人生衡量自己，忠心走神交给你的路。,这周少给一个最容易触发比较的信息留一点位置，把那段时间留给自己的责任。,今天哪一个小回应最符合我已经明白的真理？,还没做｜做了一点｜认真完成了,还没做,做了一点,认真完成了,这周少给一个最容易触发比较的信息留一点位置，把那段时间留给自己的责任。,伙伴只追踪一个具体行动有没有发生，不评判结果。,一个小行动，就是生命果子的起点。,从比较转向忠心
W08D06,8,6,I 看见自己,关系与传递,罗12：3,少拿别人的人生衡量自己，忠心走神交给你的路。,今天真心肯定一个你容易拿来和自己比较的人，让比较有机会转成彼此成全。,如果我的这个回应真的发生了，身边哪个具体的人可能会感受到不同？,只顾自己｜开始留意别人｜主动做了一件事,只顾自己,开始留意别人,主动做了一件事,今天真心肯定一个你容易拿来和自己比较的人，让比较有机会转成彼此成全。,比较之后，我通常会更忠心，还是更焦虑？,不把比较转化成竞争，转化为彼此成全,从比较转向忠心
W08D07,8,7,I 看见自己,回顾,加6：4-5,少拿别人的人生衡量自己，忠心走神交给你的路。,这一周，比较最常把你带向哪里？下一步你想更忠于什么？,回头看看：一个看见、一个未完成、一个下一步。,没有变化｜有一个小变化｜准备继续,没有变化,有一个小变化,准备继续,写下“一个改变、一个未完成、一个下一步”。,伙伴陪伴下一步，不做属灵成绩评价。,把这一周的学习带进下一周，而不是停在课程结束。,从比较转向忠心
W09D01,9,1,I 看见自己,看见,林后12：7-10,失败不能决定终点，把失败带到基督面前继续走。,失败以后，我们有时最难面对的，不只是事情没做好，而是别人怎么看、自己怎么看。有没有一次失败，你到现在还不太愿意提起？,最近什么事，让你更清楚看见“失败以后我怎么办？”？,没有留意｜已经看见｜正在面对,没有留意,已经看见,正在面对,记录一个真实场景，只写发生了什么，不急着评价自己。,可以只分享一个真实场景，不解释、不辩护。,先让福音进入自己的真实生活。,从失败羞耻转向恩典与成长
W09D02,9,2,I 看见自己,挖根,林后4：7-18,失败不能决定终点，把失败带到基督面前继续走。,这次失败让你最想躲开什么？是责任、羞耻、别人的目光，还是重新开始的压力？,这件事背后，我最怕失去什么？我正在保护、抓住或证明什么？,被反应推着走｜开始辨认根源｜愿意停下来,被反应推着走,开始辨认根源,愿意停下来,完成一句话：“当这件事发生时，我最怕______。,伙伴只问：“你发现了什么？”不急着给答案。,把自己的发现带进一个具体关系。,从失败羞耻转向恩典与成长
W09D03,9,3,I 看见自己,回经文,林后12：7-10,失败不能决定终点，把失败带到基督面前继续走。,带着林后12：7–10、路22：54–62和约21：15–19看：新约不美化失败，却让人学习在恩典中重新面对自己。,这段经文正在挑战我过去对“失败以后我怎么办？”的哪一种看法？,有距离｜击中一点｜需要回应,有距离,击中一点,需要回应,安静读今天的核心经文5分钟，写下：“经文让我重新看见______。,分享一句经文怎样进入自己的生活，不急着评价别人。,让经文从理解变成生活选择。,从失败羞耻转向恩典与成长
W09D04,9,4,I 看见自己,对照,路22：54-62,失败不能决定终点，把失败带到基督面前继续走。,面对失败，不等于否认责任；也不需要让一次失败变成自己的最终名字。,我的旧方式和福音方向有什么不同？今天最明显的差距在哪里？,仍按旧标准生活｜开始调整｜已经在实践,仍按旧标准生活,开始调整,已经在实践,做一个小调整，把今天已经明白的真理带进一个真实场景。,伙伴帮助辨认差距，不评价属灵程度。,让生命方向影响家庭、工作或群体。,从失败羞耻转向恩典与成长
W09D05,9,5,I 看见自己,行动,约21：15-19,失败不能决定终点，把失败带到基督面前继续走。,今天做一件失败后一直拖着没做的补偿、道歉或修复行动。,今天哪一个小回应最符合我已经明白的真理？,还没做｜做了一点｜认真完成了,还没做,做了一点,认真完成了,今天做一件失败后一直拖着没做的补偿、道歉或修复行动。,伙伴只追踪一个具体行动有没有发生，不评判结果。,一个小行动，就是生命果子的起点。,从失败羞耻转向恩典与成长
W09D06,9,6,I 看见自己,关系与传递,林后4：7-18,失败不能决定终点，把失败带到基督面前继续走。,伙伴不追问细节，只陪你看下一步：有没有一个受影响的人需要你诚实面对？,如果我的这个回应真的发生了，身边哪个具体的人可能会感受到不同？,只顾自己｜开始留意别人｜主动做了一件事,只顾自己,开始留意别人,主动做了一件事,把今天的行动带进一个真实关系；伙伴只关注下一步行动，不评价过去。,我是在面对失败，还是在逃避失败带来的羞耻？,必要时主动向受影响的人道歉或修复,从失败羞耻转向恩典与成长
W09D07,9,7,I 看见自己,回顾,林后12：7-10,失败不能决定终点，把失败带到基督面前继续走。,这一周，你有没有第一次比较诚实地面对一件不想面对的失败？下一步是什么？,回头看看：一个看见、一个未完成、一个下一步。,没有变化｜有一个小变化｜准备继续,没有变化,有一个小变化,准备继续,写下“一个改变、一个未完成、一个下一步”。,伙伴陪伴下一步，不做属灵成绩评价。,把这一周的学习带进下一周，而不是停在课程结束。,从失败羞耻转向恩典与成长
W10D01,10,1,I 看见自己,看见,林后4：7,你不必成为无所不能的人，神的工作可以在你的有限中显明。,有没有一些事情，你明明已经有点累了，却还是不太愿意承认自己做不到？,最近什么事，让你更清楚看见“为什么不能接受自己的有限？”？,没有留意｜已经看见｜正在面对,没有留意,已经看见,正在面对,记录一个真实场景，只写发生了什么，不急着评价自己。,可以只分享一个真实场景，不解释、不辩护。,先让福音进入自己的真实生活。,从全能幻想转向受造者的真实
W10D02,10,2,I 看见自己,挖根,林后12：9-10,你不必成为无所不能的人，神的工作可以在你的有限中显明。,如果真的承认自己做不到，你最怕别人怎么看你？又怕失去什么？,这件事背后，我最怕失去什么？我正在保护、抓住或证明什么？,被反应推着走｜开始辨认根源｜愿意停下来,被反应推着走,开始辨认根源,愿意停下来,完成一句话：“当这件事发生时，我最怕______。,伙伴只问：“你发现了什么？”不急着给答案。,把自己的发现带进一个具体关系。,从全能幻想转向受造者的真实
W10D03,10,3,I 看见自己,回经文,林后4：7,你不必成为无所不能的人，神的工作可以在你的有限中显明。,带着林后4：7、林后12：9–10和约15：5回到经文：瓦器、软弱与住在基督里，都把我们带回对神的依靠。,这段经文正在挑战我过去对“为什么不能接受自己的有限？”的哪一种看法？,有距离｜击中一点｜需要回应,有距离,击中一点,需要回应,安静读今天的核心经文5分钟，写下：“经文让我重新看见______。,分享一句经文怎样进入自己的生活，不急着评价别人。,让经文从理解变成生活选择。,从全能幻想转向受造者的真实
W10D04,10,4,I 看见自己,对照,路22：24-27,你不必成为无所不能的人，神的工作可以在你的有限中显明。,成熟不等于无所不能。今天看看：我是在忠心承担，还是在努力证明自己必须什么都能做？,我的旧方式和福音方向有什么不同？今天最明显的差距在哪里？,仍按旧标准生活｜开始调整｜已经在实践,仍按旧标准生活,开始调整,已经在实践,做一个小调整，把今天已经明白的真理带进一个真实场景。,伙伴帮助辨认差距，不评价属灵程度。,让生命方向影响家庭、工作或群体。,从全能幻想转向受造者的真实
W10D05,10,5,I 看见自己,行动,约15：5,你不必成为无所不能的人，神的工作可以在你的有限中显明。,今天在合适的人面前真实说一次：“这件事我做不到，需要帮助。”,今天哪一个小回应最符合我已经明白的真理？,还没做｜做了一点｜认真完成了,还没做,做了一点,认真完成了,今天在合适的人面前真实说一次：“这件事我做不到，需要帮助。,伙伴只追踪一个具体行动有没有发生，不评判结果。,一个小行动，就是生命果子的起点。,从全能幻想转向受造者的真实
W10D06,10,6,I 看见自己,关系与传递,林后12：9-10,你不必成为无所不能的人，神的工作可以在你的有限中显明。,求助不只是个人需要，也可以成为群体彼此担当的入口。今天让一个可信的人参与一件你原本习惯独自承担的事。,如果我的这个回应真的发生了，身边哪个具体的人可能会感受到不同？,只顾自己｜开始留意别人｜主动做了一件事,只顾自己,开始留意别人,主动做了一件事,求助不只是个人需要，也可以成为群体彼此担当的入口。,我最难承认的有限是什么？为什么？,让求助与互相担当成为群体文化,从全能幻想转向受造者的真实
W10D07,10,7,I 看见自己,回顾,林后4：7,你不必成为无所不能的人，神的工作可以在你的有限中显明。,这周我在哪里第一次承认：这件事不是我一个人能扛的？,回头看看：一个看见、一个未完成、一个下一步。,没有变化｜有一个小变化｜准备继续,没有变化,有一个小变化,准备继续,写下“一个改变、一个未完成、一个下一步”。,伙伴陪伴下一步，不做属灵成绩评价。,把这一周的学习带进下一周，而不是停在课程结束。,从全能幻想转向受造者的真实
W11D01,11,1,I 看见自己,看见,弗5：15-17,不要只是把时间填满，先分辨什么值得。,如果没有人催你、也没有人看见，你最愿意把时间留给什么？,最近什么事，让你更清楚看见“什么值得我花时间？”？,没有留意｜已经看见｜正在面对,没有留意,已经看见,正在面对,记录一个真实场景，只写发生了什么，不急着评价自己。,可以只分享一个真实场景，不解释、不辩护。,先让福音进入自己的真实生活。,从被时间推着走转向主动忠心
W11D02,11,2,I 看见自己,挖根,腓3：13-14,不要只是把时间填满，先分辨什么值得。,如果减少一件事情，你最舍不得减少什么？为什么？,这件事背后，我最怕失去什么？我正在保护、抓住或证明什么？,被反应推着走｜开始辨认根源｜愿意停下来,被反应推着走,开始辨认根源,愿意停下来,完成一句话：“当这件事发生时，我最怕______。,伙伴只问：“你发现了什么？”不急着给答案。,把自己的发现带进一个具体关系。,从被时间推着走转向主动忠心
W11D03,11,3,I 看见自己,回经文,弗5：15-17,不要只是把时间填满，先分辨什么值得。,带着弗5：15–17回到经文：爱惜光阴不是追求效率本身，而是学习明白主的旨意。,这段经文正在挑战我过去对“什么值得我花时间？”的哪一种看法？,有距离｜击中一点｜需要回应,有距离,击中一点,需要回应,安静读今天的核心经文5分钟，写下：“经文让我重新看见______。,分享一句经文怎样进入自己的生活，不急着评价别人。,让经文从理解变成生活选择。,从被时间推着走转向主动忠心
W11D04,11,4,I 看见自己,对照,路5：15-16,不要只是把时间填满，先分辨什么值得。,有些事情不是不重要，只是今天不一定需要优先。时间管理的深层，其实是生命方向与优先次序。,我的旧方式和福音方向有什么不同？今天最明显的差距在哪里？,仍按旧标准生活｜开始调整｜已经在实践,仍按旧标准生活,开始调整,已经在实践,做一个小调整，把今天已经明白的真理带进一个真实场景。,伙伴帮助辨认差距，不评价属灵程度。,让生命方向影响家庭、工作或群体。,从被时间推着走转向主动忠心
W11D05,11,5,I 看见自己,行动,约15：4-5,不要只是把时间填满，先分辨什么值得。,为一个重要的人、一项责任或与主相处的时间，预先留出一个固定时段。,今天哪一个小回应最符合我已经明白的真理？,还没做｜做了一点｜认真完成了,还没做,做了一点,认真完成了,为一个重要的人、一项责任或与主相处的时间，预先留出一个固定时段。,伙伴只追踪一个具体行动有没有发生，不评判结果。,一个小行动，就是生命果子的起点。,从被时间推着走转向主动忠心
W11D06,11,6,I 看见自己,关系与传递,腓3：13-14,不要只是把时间填满，先分辨什么值得。,看看你的日程：它最诚实地告诉你什么重要？这周愿意为谁留下一段真实在场的时间？,如果我的这个回应真的发生了，身边哪个具体的人可能会感受到不同？,只顾自己｜开始留意别人｜主动做了一件事,只顾自己,开始留意别人,主动做了一件事,把今天的行动带进一个真实关系；伙伴看日程中的一个改变。,我的日程最诚实地告诉我，我认为什么重要？,让优先次序具体进入家庭、工作、教会,从被时间推着走转向主动忠心
W11D07,11,7,I 看见自己,回顾,弗5：15-17,不要只是把时间填满，先分辨什么值得。,这一周，我的日程有没有替我说出一些原来不太愿意承认的事情？,回头看看：一个看见、一个未完成、一个下一步。,没有变化｜有一个小变化｜准备继续,没有变化,有一个小变化,准备继续,写下“一个改变、一个未完成、一个下一步”。,伙伴陪伴下一步，不做属灵成绩评价。,把这一周的学习带进下一周，而不是停在课程结束。,从被时间推着走转向主动忠心
W12D01,12,1,I 看见自己,看见,罗8：24-25,还没有看见结果，也可以在盼望中继续等候。,有没有一件事，你已经等了一阵子，却越来越想自己把结果推出来？,最近什么事，让你更清楚看见“我怎样学习等候？”？,没有留意｜已经看见｜正在面对,没有留意,已经看见,正在面对,记录一个真实场景，只写发生了什么，不急着评价自己。,可以只分享一个真实场景，不解释、不辩护。,先让福音进入自己的真实生活。,从急于控制转向盼望中的忍耐
W12D02,12,2,I 看见自己,挖根,罗5：3-5,还没有看见结果，也可以在盼望中继续等候。,如果今天仍然没有结果，最难接受的是什么？你最怕什么不会发生？,这件事背后，我最怕失去什么？我正在保护、抓住或证明什么？,被反应推着走｜开始辨认根源｜愿意停下来,被反应推着走,开始辨认根源,愿意停下来,完成一句话：“当这件事发生时，我最怕______。,伙伴只问：“你发现了什么？”不急着给答案。,把自己的发现带进一个具体关系。,从急于控制转向盼望中的忍耐
W12D03,12,3,I 看见自己,回经文,罗8：24-25,还没有看见结果，也可以在盼望中继续等候。,把这件事带到罗8：24–25面前。圣经的盼望不是已经看见以后才相信，而是在尚未看见时仍然等候。,这段经文正在挑战我过去对“我怎样学习等候？”的哪一种看法？,有距离｜击中一点｜需要回应,有距离,击中一点,需要回应,安静读今天的核心经文5分钟，写下：“经文让我重新看见______。,分享一句经文怎样进入自己的生活，不急着评价别人。,让经文从理解变成生活选择。,从急于控制转向盼望中的忍耐
W12D04,12,4,I 看见自己,对照,路2：25-38,还没有看见结果，也可以在盼望中继续等候。,等候不是停滞，也不是保证事情一定照我的时间表发生；它是在未知中继续信靠，在已知的地方继续忠心。,我的旧方式和福音方向有什么不同？今天最明显的差距在哪里？,仍按旧标准生活｜开始调整｜已经在实践,仍按旧标准生活,开始调整,已经在实践,做一个小调整，把今天已经明白的真理带进一个真实场景。,伙伴帮助辨认差距，不评价属灵程度。,让生命方向影响家庭、工作或群体。,从急于控制转向盼望中的忍耐
W12D05,12,5,I 看见自己,行动,约14：27,还没有看见结果，也可以在盼望中继续等候。,这一周不因焦虑提前做一个本可等候的决定，同时完成一件今天已经清楚该做的事。,今天哪一个小回应最符合我已经明白的真理？,还没做｜做了一点｜认真完成了,还没做,做了一点,认真完成了,这一周不因焦虑提前做一个本可等候的决定，同时完成一件今天已经清楚该做的事。,伙伴只追踪一个具体行动有没有发生，不评判结果。,一个小行动，就是生命果子的起点。,从急于控制转向盼望中的忍耐
W12D06,12,6,I 看见自己,关系与传递,罗5：3-5,还没有看见结果，也可以在盼望中继续等候。,当身边的人也在等候时，今天可以少一点催促，多一点陪伴。,如果我的这个回应真的发生了，身边哪个具体的人可能会感受到不同？,只顾自己｜开始留意别人｜主动做了一件事,只顾自己,开始留意别人,主动做了一件事,当身边的人也在等候时，今天可以少一点催促，多一点陪伴。,我为什么这么急？我害怕什么不会发生？,在别人等候时提供陪伴而非催促,从急于控制转向盼望中的忍耐
W12D07,12,7,I 看见自己,回顾,罗8：24-25,还没有看见结果，也可以在盼望中继续等候。,这周我在哪里学会了等候？又在哪里发现自己仍然很急？,回头看看：一个看见、一个未完成、一个下一步。,没有变化｜有一个小变化｜准备继续,没有变化,有一个小变化,准备继续,写下“一个改变、一个未完成、一个下一步”。,伙伴陪伴下一步，不做属灵成绩评价。,把这一周的学习带进下一周，而不是停在课程结束。,从急于控制转向盼望中的忍耐
W13D01,13,1,I 看见自己,看见,林后13：5,停下来看看：什么正在塑造我？,走过这些周以后，有没有哪一种反应，你开始认出来了？以前可能只是觉得“我就是这样”，现在有没有开始看见它？,最近什么事，让你更清楚看见“我真正看见了自己什么？”？,没有留意｜已经看见｜正在面对,没有留意,已经看见,正在面对,记录一个真实场景，只写发生了什么，不急着评价自己。,可以只分享一个真实场景，不解释、不辩护。,先让福音进入自己的真实生活。,从无意识模式走向属灵省察
W13D02,13,2,I 看见自己,挖根,罗12：3,停下来看看：什么正在塑造我？,回头看看：当你着急、比较、证明、抓住或逃避时，背后有没有一个反复出现的模式？,这件事背后，我最怕失去什么？我正在保护、抓住或证明什么？,被反应推着走｜开始辨认根源｜愿意停下来,被反应推着走,开始辨认根源,愿意停下来,完成一句话：“当这件事发生时，我最怕______。,伙伴只问：“你发现了什么？”不急着给答案。,把自己的发现带进一个具体关系。,从无意识模式走向属灵省察
W13D03,13,3,I 看见自己,回经文,林后13：5,停下来看看：什么正在塑造我？,带着林后13：5回到经文：省察不是审判自己，而是诚实看看“什么正在塑造我”。,这段经文正在挑战我过去对“我真正看见了自己什么？”的哪一种看法？,有距离｜击中一点｜需要回应,有距离,击中一点,需要回应,安静读今天的核心经文5分钟，写下：“经文让我重新看见______。,分享一句经文怎样进入自己的生活，不急着评价别人。,让经文从理解变成生活选择。,从无意识模式走向属灵省察
W13D04,13,4,I 看见自己,对照,路6：39-42,停下来看看：什么正在塑造我？,把自己的生命模式与福音方向放在一起看：什么值得保留？什么需要被重新排序？,我的旧方式和福音方向有什么不同？今天最明显的差距在哪里？,仍按旧标准生活｜开始调整｜已经在实践,仍按旧标准生活,开始调整,已经在实践,做一个小调整，把今天已经明白的真理带进一个真实场景。,伙伴帮助辨认差距，不评价属灵程度。,让生命方向影响家庭、工作或群体。,从无意识模式走向属灵省察
W13D05,13,5,I 看见自己,行动,约15：1-5,停下来看看：什么正在塑造我？,这周不要同时解决所有问题，只选一个正在重复的模式，作一个小而具体的调整。,今天哪一个小回应最符合我已经明白的真理？,还没做｜做了一点｜认真完成了,还没做,做了一点,认真完成了,这周不要同时解决所有问题，只选一个正在重复的模式，作一个小而具体的调整。,伙伴只追踪一个具体行动有没有发生，不评判结果。,一个小行动，就是生命果子的起点。,从无意识模式走向属灵省察
W13D06,13,6,I 看见自己,关系与传递,罗12：3,停下来看看：什么正在塑造我？,让一个可信的伙伴陪伴这个模式的后续30天，不急着分析，只一起看下一步。,如果我的这个回应真的发生了，身边哪个具体的人可能会感受到不同？,只顾自己｜开始留意别人｜主动做了一件事,只顾自己,开始留意别人,主动做了一件事,让一个可信的伙伴陪伴这个模式的后续30天，不急着分析，只一起看下一步。,这12周我最常重复哪一种反应？,把个人发现转为后续行动,从无意识模式走向属灵省察
W13D07,13,7,I 看见自己,回顾,林后13：5,停下来看看：什么正在塑造我？,这一阶段，你最清楚看见自己的哪一种模式？什么开始松动？接下来愿意继续哪一步？,回头看看：一个看见、一个未完成、一个下一步。,没有变化｜有一个小变化｜准备继续,没有变化,有一个小变化,准备继续,写下“一个改变、一个未完成、一个下一步”。,伙伴陪伴下一步，不做属灵成绩评价。,把这一周的学习带进下一周，而不是停在课程结束。,从无意识模式走向属灵省察
W14D01,14,1,II 重新连接,看见,弗2：19-22,福音不仅给我个人答案，也把我带进神的家。,有时，身边认识的人很多，心里却还是觉得没有一个真正可以一起走的人。最近有没有这样的时刻？,最近什么事，让你更清楚看见“我属于哪里？”？,没有留意｜已经看见｜正在面对,没有留意,已经看见,正在面对,记录一个真实场景，只写发生了什么，不急着评价自己。,可以只分享一个真实场景，不解释、不辩护。,先让福音进入自己的真实生活。,我属于哪里？
W14D02,14,2,II 重新连接,挖根,罗12：4-5,福音不仅给我个人答案，也把我带进神的家。,如果真的让别人走近一点，我最担心的是什么？是被看见、被拒绝，还是需要承担关系的责任？,这件事背后，我最害怕失去什么？我是在保护、抓住或证明什么？,被反应推着走｜开始辨认根源｜愿意停下来,被反应推着走,开始辨认根源,愿意停下来,完成一句话：“当这件事发生时，我最怕______。,伙伴只问：“你发现了什么？”不急着给答案。,把自己的发现带进一个具体关系。,我属于哪里？
W14D03,14,3,II 重新连接,回经文,弗2：19-22,福音不仅给我个人答案，也把我带进神的家。,带着弗2：19–22回到经文：这里怎样描绘我们从“外人、客旅”进入神的家？这对你的归属感有什么新的解释？,这段经文正在挑战我过去对“我属于哪里？”的哪一种看法？,有距离｜击中一点｜需要回应,有距离,击中一点,需要回应,安静读今天的核心经文5分钟，写下：“经文让我重新看见______。,分享一句经文怎样进入自己的生活，不急着评价别人。,让经文从理解变成生活选择。,我属于哪里？
W14D04,14,4,II 重新连接,对照,路14：15-24,福音不仅给我个人答案，也把我带进神的家。,属灵群体不只是一起参加聚会。真正的归属包含被认识、彼此连接，也愿意承担彼此生命中的一部分。,我的旧方式和福音方向有什么不同？今天最明显的差距在哪里？,仍按旧标准生活｜开始调整｜已经在实践,仍按旧标准生活,开始调整,已经在实践,做一个小调整，把今天已经明白的真理带进一个真实场景。,伙伴帮助辨认差距，不评价属灵程度。,让生命方向开始影响家庭、工作或群体。,我属于哪里？
W14D05,14,5,II 重新连接,行动,约10,福音不仅给我个人答案，也把我带进神的家。,今天主动约一个可信的人，用30分钟聊一件真实近况，不急着给建议。,今天哪一个小回应最符合我已经明白的真理？,还没做｜做了一点｜认真完成了,还没做,做了一点,认真完成了,今天主动约一个可信的人，用30分钟聊一件真实近况，不急着给建议。,伙伴只追踪一个具体行动有没有发生，不评判结果。,一个小行动，就是生命果子的起点。,我属于哪里？
W14D06,14,6,II 重新连接,关系与传递,罗12：4-5,福音不仅给我个人答案，也把我带进神的家。,可以主动欢迎一个最近比较安静、边缘或新来的肢体，让他不只是“被看见”，也感受到自己有位置。,也许可以主动欢迎一个最近比较安静、边缘或新来的肢体，让他不只是“被看见”，也感受到自己有位置。,只顾自己｜开始留意别人｜主动做了一件事,只顾自己,开始留意别人,主动做了一件事,把今天的行动带进一个真实关系；伙伴约一次面对面或线上深谈。,我现在有哪些关系是真正可以一起生活的？,主动欢迎边缘者,我属于哪里？
W14D07,14,7,II 重新连接,回顾,弗2：19-22,福音不仅给我个人答案，也把我带进神的家。,这一周，我有没有从“来参加”走向“愿意一起生活”？什么关系值得我继续投入？,什么关系值得我继续投入？,没有变化｜有一个小变化｜准备继续,没有变化,有一个小变化,准备继续,写下“一个改变、一个未完成、一个下一步”。,写下：一个看见｜一个未完成｜一个下一步。,伙伴陪伴下一步，不做属灵成绩评价。,我属于哪里？
W15D01,15,1,II 重新连接,看见,约14：1-6,看不清结果，也可以继续跟随。,有没有一件事，你很想先把答案弄清楚，才愿意继续往前？,最近什么事，让你更清楚看见“我怎样面对看不见的神？”？,没有留意｜已经看见｜正在面对,没有留意,已经看见,正在面对,记录一个真实场景，只写发生了什么，不急着评价自己。,可以只分享一个真实场景，不解释、不辩护。,先让福音进入自己的真实生活。,我怎样面对看不见的神？
W15D02,15,2,II 重新连接,挖根,罗8：24-28,看不清结果，也可以继续跟随。,如果神没有马上给你想要的解释，你最难接受的是什么？,这件事背后，我最害怕失去什么？我是在保护、抓住或证明什么？,被反应推着走｜开始辨认根源｜愿意停下来,被反应推着走,开始辨认根源,愿意停下来,完成一句话：“当这件事发生时，我最怕______。,伙伴只问：“你发现了什么？”不急着给答案。,把自己的发现带进一个具体关系。,我怎样面对看不见的神？
W15D03,15,3,II 重新连接,回经文,约14：1-6,看不清结果，也可以继续跟随。,带着约14：1–6回到耶稣的话：祂先给门徒的是一条答案，还是祂自己？,这段经文正在挑战我过去对“我怎样面对看不见的神？”的哪一种看法？,有距离｜击中一点｜需要回应,有距离,击中一点,需要回应,安静读今天的核心经文5分钟，写下：“经文让我重新看见______。,分享一句经文怎样进入自己的生活，不急着评价别人。,让经文从理解变成生活选择。,我怎样面对看不见的神？
W15D04,15,4,II 重新连接,对照,路9：18-27,看不清结果，也可以继续跟随。,信靠不是假装没有疑问，而是在不完全明白时，仍然把自己交给基督。,我的旧方式和福音方向有什么不同？今天最明显的差距在哪里？,仍按旧标准生活｜开始调整｜已经在实践,仍按旧标准生活,开始调整,已经在实践,做一个小调整，把今天已经明白的真理带进一个真实场景。,伙伴帮助辨认差距，不评价属灵程度。,让生命方向开始影响家庭、工作或群体。,我怎样面对看不见的神？
W15D05,15,5,II 重新连接,行动,约14：1-6,看不清结果，也可以继续跟随。,选一件尚未看到结果、却已经知道该忠心去做的事，今天完成其中一个小步骤。,今天哪一个小回应最符合我已经明白的真理？,还没做｜做了一点｜认真完成了,还没做,做了一点,认真完成了,选一件尚未看到结果、却已经知道该忠心去做的事，今天完成其中一个小步骤。,伙伴只追踪一个具体行动有没有发生，不评判结果。,一个小行动，就是生命果子的起点。,我怎样面对看不见的神？
W15D06,15,6,II 重新连接,关系与传递,罗8：24-28,看不清结果，也可以继续跟随。,当别人仍有疑问时，不急着替神解释；先陪他一起走、一起祷告、一起面对。,当别人仍有疑问时，不急着替神解释；先陪他一起走、一起祷告、一起面对。,只顾自己｜开始留意别人｜主动做了一件事,只顾自己,开始留意别人,主动做了一件事,把今天的行动带进一个真实关系；伙伴允许问题存在，同时问“你今天如何跟随？”,我真正缺的是答案，还是安全感？,成为别人的稳定陪伴者,我怎样面对看不见的神？
W15D07,15,7,II 重新连接,回顾,约14：1-6,看不清结果，也可以继续跟随。,这一周，我更需要的是一个答案，还是重新把目光放回基督？下一步是什么？,下一步是什么？,没有变化｜有一个小变化｜准备继续,没有变化,有一个小变化,准备继续,写下“一个改变、一个未完成、一个下一步”。,写下：一个看见｜一个未完成｜一个下一步。,伙伴陪伴下一步，不做属灵成绩评价。,我怎样面对看不见的神？
W16D01,16,1,II 重新连接,看见,徒2：42-47,真正的群体不是一起出现，而是一起生活。,有没有一次，你和很多人待在一起，却还是觉得没有人真正知道你？,最近什么事，让你更清楚看见“为什么人在群体中仍然孤独？”？,没有留意｜已经看见｜正在面对,没有留意,已经看见,正在面对,记录一个真实场景，只写发生了什么，不急着评价自己。,可以只分享一个真实场景，不解释、不辩护。,先让福音进入自己的真实生活。,为什么人在群体中仍然孤独？
W16D02,16,2,II 重新连接,挖根,罗12：4-5,真正的群体不是一起出现，而是一起生活。,如果真的让别人知道近况，我最担心什么？,这件事背后，我最害怕失去什么？我是在保护、抓住或证明什么？,被反应推着走｜开始辨认根源｜愿意停下来,被反应推着走,开始辨认根源,愿意停下来,完成一句话：“当这件事发生时，我最怕______。,伙伴只问：“你发现了什么？”不急着给答案。,把自己的发现带进一个具体关系。,为什么人在群体中仍然孤独？
W16D03,16,3,II 重新连接,回经文,徒2：42-47,真正的群体不是一起出现，而是一起生活。,带着徒2：42–47回到经文：初代信徒的“在一起”具体发生在哪里？,这段经文正在挑战我过去对“为什么人在群体中仍然孤独？”的哪一种看法？,有距离｜击中一点｜需要回应,有距离,击中一点,需要回应,安静读今天的核心经文5分钟，写下：“经文让我重新看见______。,分享一句经文怎样进入自己的生活，不急着评价别人。,让经文从理解变成生活选择。,为什么人在群体中仍然孤独？
W16D04,16,4,II 重新连接,对照,路24：13-35,真正的群体不是一起出现，而是一起生活。,真正的群体不会要求我们马上把一切都说出来，但会给人一个可以慢慢被认识、也可以慢慢承担别人的空间。,我的旧方式和福音方向有什么不同？今天最明显的差距在哪里？,仍按旧标准生活｜开始调整｜已经在实践,仍按旧标准生活,开始调整,已经在实践,做一个小调整，把今天已经明白的真理带进一个真实场景。,伙伴帮助辨认差距，不评价属灵程度。,让生命方向开始影响家庭、工作或群体。,为什么人在群体中仍然孤独？
W16D05,16,5,II 重新连接,行动,约13：34-35,真正的群体不是一起出现，而是一起生活。,安排一次至少30分钟、不以办事为目的的交流；只做一件事：认真听完。,今天哪一个小回应最符合我已经明白的真理？,还没做｜做了一点｜认真完成了,还没做,做了一点,认真完成了,安排一次至少30分钟、不以办事为目的的交流；只做一件事：认真听完。,伙伴只追踪一个具体行动有没有发生，不评判结果。,一个小行动，就是生命果子的起点。,为什么人在群体中仍然孤独？
W16D06,16,6,II 重新连接,关系与传递,罗12：4-5,真正的群体不是一起出现，而是一起生活。,今天可以主动告诉一个可信任的人一件真实近况，也给他一个机会分享他的近况。,今天可以主动告诉一个可信任的人一件真实近况，也给他一个机会分享他的近况。,只顾自己｜开始留意别人｜主动做了一件事,只顾自己,开始留意别人,主动做了一件事,把今天的行动带进一个真实关系；伙伴练习不急着解决问题，只先倾听。,我是不是一直只让别人看见我想让他们看见的一面？,形成可以彼此求助的网络,为什么人在群体中仍然孤独？
W16D07,16,7,II 重新连接,回顾,徒2：42-47,真正的群体不是一起出现，而是一起生活。,这一周，我是更像一个出席者，还是一个愿意参与共同生活的人？,这一周，我是更像一个出席者，还是一个愿意参与共同生活的人？,没有变化｜有一个小变化｜准备继续,没有变化,有一个小变化,准备继续,写下“一个改变、一个未完成、一个下一步”。,写下：一个看见｜一个未完成｜一个下一步。,伙伴陪伴下一步，不做属灵成绩评价。,为什么人在群体中仍然孤独？
W17D01,17,1,II 重新连接,看见,约13：34-35,真实关系从自己先学习基督的爱开始。,最近有没有一段关系，你一直在等对方先主动、先理解、先改变？,最近什么事，让你更清楚看见“怎样在爱中建立真实关系？”？,没有留意｜已经看见｜正在面对,没有留意,已经看见,正在面对,记录一个真实场景，只写发生了什么，不急着评价自己。,可以只分享一个真实场景，不解释、不辩护。,先让福音进入自己的真实生活。,怎样在爱中建立真实关系？
W17D02,17,2,II 重新连接,挖根,罗12：9-10,真实关系从自己先学习基督的爱开始。,如果我先走一步，最担心失去什么？,这件事背后，我最害怕失去什么？我是在保护、抓住或证明什么？,被反应推着走｜开始辨认根源｜愿意停下来,被反应推着走,开始辨认根源,愿意停下来,完成一句话：“当这件事发生时，我最怕______。,伙伴只问：“你发现了什么？”不急着给答案。,把自己的发现带进一个具体关系。,怎样在爱中建立真实关系？
W17D03,17,3,II 重新连接,回经文,约13：34-35,真实关系从自己先学习基督的爱开始。,带着约13：34–35回到经文：耶稣所说的“彼此相爱”，为什么不是一句口号？,这段经文正在挑战我过去对“怎样在爱中建立真实关系？”的哪一种看法？,有距离｜击中一点｜需要回应,有距离,击中一点,需要回应,安静读今天的核心经文5分钟，写下：“经文让我重新看见______。,分享一句经文怎样进入自己的生活，不急着评价别人。,让经文从理解变成生活选择。,怎样在爱中建立真实关系？
W17D04,17,4,II 重新连接,对照,路10：25-37,真实关系从自己先学习基督的爱开始。,爱不等于纵容，也不等于让自己没有界限；爱是在基督里愿意为别人的益处付代价。,我的旧方式和福音方向有什么不同？今天最明显的差距在哪里？,仍按旧标准生活｜开始调整｜已经在实践,仍按旧标准生活,开始调整,已经在实践,做一个小调整，把今天已经明白的真理带进一个真实场景。,伙伴帮助辨认差距，不评价属灵程度。,让生命方向开始影响家庭、工作或群体。,怎样在爱中建立真实关系？
W17D05,17,5,II 重新连接,行动,约13：34-35,真实关系从自己先学习基督的爱开始。,今天主动做一次具体的小事：一句问候、一次倾听、一次帮助，选一个最自然的方式。,今天哪一个小回应最符合我已经明白的真理？,还没做｜做了一点｜认真完成了,还没做,做了一点,认真完成了,今天主动做一次具体的小事：一句问候、一次倾听、一次帮助，选一个最自然的方式。,伙伴只追踪一个具体行动有没有发生，不评判结果。,一个小行动，就是生命果子的起点。,怎样在爱中建立真实关系？
W17D06,17,6,II 重新连接,关系与传递,罗12：9-10,真实关系从自己先学习基督的爱开始。,问一个人：“最近有什么事我可以为你祷告？”然后认真听，不急着解决。,问一个人：“最近有什么事我可以为你祷告？,只顾自己｜开始留意别人｜主动做了一件事,只顾自己,开始留意别人,主动做了一件事,把今天的行动带进一个真实关系；伙伴问“你主动做了什么？”,我最常把“爱”理解成感觉，还是行动？,让主动爱人成为群体习惯,怎样在爱中建立真实关系？
W17D07,17,7,II 重新连接,回顾,约13：34-35,真实关系从自己先学习基督的爱开始。,这一周，我有没有从“希望别人先改变”走向“我愿意先爱一步”？,这一周，我有没有从“希望别人先改变”走向“我愿意先爱一步”？,没有变化｜有一个小变化｜准备继续,没有变化,有一个小变化,准备继续,写下“一个改变、一个未完成、一个下一步”。,写下：一个看见｜一个未完成｜一个下一步。,伙伴陪伴下一步，不做属灵成绩评价。,怎样在爱中建立真实关系？
W18D01,18,1,II 重新连接,看见,罗12：17-21,不要让别人的恶决定自己的回应。,有些伤害已经过去了，身体和心却还记得。最近有没有一件仍然会牵动你的事？,最近什么事，让你更清楚看见“别人伤害我以后怎么办？”？,没有留意｜已经看见｜正在面对,没有留意,已经看见,正在面对,记录一个真实场景，只写发生了什么，不急着评价自己。,可以只分享一个真实场景，不解释、不辩护。,先让福音进入自己的真实生活。,别人伤害我以后怎么办？
W18D02,18,2,II 重新连接,挖根,不要以恶报恶,不要让别人的恶决定自己的回应。,当我受伤时，我最想保护什么？尊严、关系、公平，还是不再被伤害？,这件事背后，我最害怕失去什么？我是在保护、抓住或证明什么？,被反应推着走｜开始辨认根源｜愿意停下来,被反应推着走,开始辨认根源,愿意停下来,完成一句话：“当这件事发生时，我最怕______。,伙伴只问：“你发现了什么？”不急着给答案。,把自己的发现带进一个具体关系。,别人伤害我以后怎么办？
W18D03,18,3,II 重新连接,回经文,罗12：17-21,不要让别人的恶决定自己的回应。,带着罗12：17–21回到经文：保罗怎样处理“不要以恶报恶”与真实的恶之间的关系？,这段经文正在挑战我过去对“别人伤害我以后怎么办？”的哪一种看法？,有距离｜击中一点｜需要回应,有距离,击中一点,需要回应,安静读今天的核心经文5分钟，写下：“经文让我重新看见______。,分享一句经文怎样进入自己的生活，不急着评价别人。,让经文从理解变成生活选择。,别人伤害我以后怎么办？
W18D04,18,4,II 重新连接,对照,路17：3-4,不要让别人的恶决定自己的回应。,不以恶报恶，不等于否认责任，也不等于放弃必要的界限。基督徒可以拒绝报复，同时诚实面对伤害。,我的旧方式和福音方向有什么不同？今天最明显的差距在哪里？,仍按旧标准生活｜开始调整｜已经在实践,仍按旧标准生活,开始调整,已经在实践,做一个小调整，把今天已经明白的真理带进一个真实场景。,伙伴帮助辨认差距，不评价属灵程度。,让生命方向开始影响家庭、工作或群体。,别人伤害我以后怎么办？
W18D05,18,5,II 重新连接,行动,约13：1-17,不要让别人的恶决定自己的回应。,选择一个安全、合宜的回应：记录事实、寻求可信任者帮助、澄清事实，或在合适情况下开始修复。,今天哪一个小回应最符合我已经明白的真理？,还没做｜做了一点｜认真完成了,还没做,做了一点,认真完成了,选择一个安全、合宜的回应：记录事实、寻求可信任者帮助、澄清事实，或在合适情况下开始修复。,伙伴只追踪一个具体行动有没有发生，不评判结果。,一个小行动，就是生命果子的起点。,别人伤害我以后怎么办？
W18D06,18,6,II 重新连接,关系与传递,不要以恶报恶,不要让别人的恶决定自己的回应。,不要逼自己立即和解。今天可以先找一个可信任的伙伴，让他听见你的处境并陪你分辨下一步。,不要逼自己立即和解。今天可以先找一个可信任的伙伴，让他听见你的处境并陪你分辨下一步。,只顾自己｜开始留意别人｜主动做了一件事,只顾自己,开始留意别人,主动做了一件事,不要逼自己立即和解。,我真正想要的是公义、报复，还是恢复？,以善胜恶而非以恶还恶,别人伤害我以后怎么办？
W18D07,18,7,II 重新连接,回顾,罗12：17-21,不要让别人的恶决定自己的回应。,这一周，我有没有让基督决定我的回应，而不是让伤害替我决定？,这一周，我有没有让基督决定我的回应，而不是让伤害替我决定？,没有变化｜有一个小变化｜准备继续,没有变化,有一个小变化,准备继续,写下“一个改变、一个未完成、一个下一步”。,写下：一个看见｜一个未完成｜一个下一步。,伙伴陪伴下一步，不做属灵成绩评价。,别人伤害我以后怎么办？
W19D01,19,1,II 重新连接,看见,西3：12-13,饶恕不是否认伤害，而是不再让伤害支配你的回应。,有没有一件伤害，你听见“饶恕”两个字时，心里第一个反应是：难道这就算了吗？,最近什么事，让你更清楚看见“饶恕是不是纵容？”？,没有留意｜已经看见｜正在面对,没有留意,已经看见,正在面对,记录一个真实场景，只写发生了什么，不急着评价自己。,可以只分享一个真实场景，不解释、不辩护。,先让福音进入自己的真实生活。,饶恕是不是纵容？
W19D02,19,2,II 重新连接,挖根,弗4：31-32,饶恕不是否认伤害，而是不再让伤害支配你的回应。,如果我饶恕，我最怕什么？怕对方继续伤害，还是怕自己的痛被轻描淡写？,这件事背后，我最害怕失去什么？我是在保护、抓住或证明什么？,被反应推着走｜开始辨认根源｜愿意停下来,被反应推着走,开始辨认根源,愿意停下来,完成一句话：“当这件事发生时，我最怕______。,伙伴只问：“你发现了什么？”不急着给答案。,把自己的发现带进一个具体关系。,饶恕是不是纵容？
W19D03,19,3,II 重新连接,回经文,西3：12-13,饶恕不是否认伤害，而是不再让伤害支配你的回应。,带着西3：12–13回到经文：饶恕与基督怎样饶恕我们之间是什么关系？,这段经文正在挑战我过去对“饶恕是不是纵容？”的哪一种看法？,有距离｜击中一点｜需要回应,有距离,击中一点,需要回应,安静读今天的核心经文5分钟，写下：“经文让我重新看见______。,分享一句经文怎样进入自己的生活，不急着评价别人。,让经文从理解变成生活选择。,饶恕是不是纵容？
W19D04,19,4,II 重新连接,对照,路17：3-4,饶恕不是否认伤害，而是不再让伤害支配你的回应。,饶恕不是说“没有发生过”，也不是把信任重新交出去；在需要的时候，界限和寻求保护仍然是合宜的。,我的旧方式和福音方向有什么不同？今天最明显的差距在哪里？,仍按旧标准生活｜开始调整｜已经在实践,仍按旧标准生活,开始调整,已经在实践,做一个小调整，把今天已经明白的真理带进一个真实场景。,伙伴帮助辨认差距，不评价属灵程度。,让生命方向开始影响家庭、工作或群体。,饶恕是不是纵容？
W19D05,19,5,II 重新连接,行动,约一1：5-9,饶恕不是否认伤害，而是不再让伤害支配你的回应。,在安全前提下，今天停止一次反复回放伤害的习惯，把这段记忆交给主，并写下一个健康界限。,今天哪一个小回应最符合我已经明白的真理？,还没做｜做了一点｜认真完成了,还没做,做了一点,认真完成了,在安全前提下，今天停止一次反复回放伤害的习惯，把这段记忆交给主，并写下一个健康界限。,伙伴只追踪一个具体行动有没有发生，不评判结果。,一个小行动，就是生命果子的起点。,饶恕是不是纵容？
W19D06,19,6,II 重新连接,关系与传递,弗4：31-32,饶恕不是否认伤害，而是不再让伤害支配你的回应。,如果这件事仍有现实风险，不以“属灵”压力迫使自己单独面对；先寻求成熟牧者、可信家人或专业支持。,如果这件事仍有现实风险，不以“属灵”压力迫使自己单独面对；先寻求成熟牧者、可信家人或专业支持。,只顾自己｜开始留意别人｜主动做了一件事,只顾自己,开始留意别人,主动做了一件事,把今天的行动带进一个真实关系；伙伴只听，不替当事人决定是否恢复关系。,我把哪些概念混在了一起：饶恕、信任、和好、界限？,在合宜界限中追求和好,饶恕是不是纵容？
W19D07,19,7,II 重新连接,回顾,西3：12-13,饶恕不是否认伤害，而是不再让伤害支配你的回应。,这一周，我有没有开始把“饶恕、信任、和好、界限”分开？下一步是什么？,下一步是什么？,没有变化｜有一个小变化｜准备继续,没有变化,有一个小变化,准备继续,写下“一个改变、一个未完成、一个下一步”。,写下：一个看见｜一个未完成｜一个下一步。,伙伴陪伴下一步，不做属灵成绩评价。,饶恕是不是纵容？
W20D01,20,1,II 重新连接,看见,弗5：21,家庭不是互相控制，而是学习彼此舍己、彼此承担。,在家里，有没有一件事你常常做，却很少有人注意？它让你觉得被爱，还是越来越累？,最近什么事，让你更清楚看见“家庭到底意味着什么？”？,没有留意｜已经看见｜正在面对,没有留意,已经看见,正在面对,记录一个真实场景，只写发生了什么，不急着评价自己。,可以只分享一个真实场景，不解释、不辩护。,先让福音进入自己的真实生活。,家庭到底意味着什么？
W20D02,20,2,II 重新连接,挖根,腓2：3-4,家庭不是互相控制，而是学习彼此舍己、彼此承担。,当家人不按我的期待回应时，我最容易做什么：控制、沉默、抱怨，还是继续服事？,这件事背后，我最害怕失去什么？我是在保护、抓住或证明什么？,被反应推着走｜开始辨认根源｜愿意停下来,被反应推着走,开始辨认根源,愿意停下来,完成一句话：“当这件事发生时，我最怕______。,伙伴只问：“你发现了什么？”不急着给答案。,把自己的发现带进一个具体关系。,家庭到底意味着什么？
W20D03,20,3,II 重新连接,回经文,弗5：21,家庭不是互相控制，而是学习彼此舍己、彼此承担。,带着弗5：21和腓2：3–4回到经文：彼此顺服、看别人比自己强，怎样进入家庭生活？,这段经文正在挑战我过去对“家庭到底意味着什么？”的哪一种看法？,有距离｜击中一点｜需要回应,有距离,击中一点,需要回应,安静读今天的核心经文5分钟，写下：“经文让我重新看见______。,分享一句经文怎样进入自己的生活，不急着评价别人。,让经文从理解变成生活选择。,家庭到底意味着什么？
W20D04,20,4,II 重新连接,对照,路14：25-27,家庭不是互相控制，而是学习彼此舍己、彼此承担。,家庭里的爱不是谁掌权，而是每个人都在基督里学习舍己，也学习尊重别人的责任与边界。,我的旧方式和福音方向有什么不同？今天最明显的差距在哪里？,仍按旧标准生活｜开始调整｜已经在实践,仍按旧标准生活,开始调整,已经在实践,做一个小调整，把今天已经明白的真理带进一个真实场景。,伙伴帮助辨认差距，不评价属灵程度。,让生命方向开始影响家庭、工作或群体。,家庭到底意味着什么？
W20D05,20,5,II 重新连接,行动,约13：1-17,家庭不是互相控制，而是学习彼此舍己、彼此承担。,今天主动完成一次不需要别人表扬的家庭服务，不解释、不邀功。,今天哪一个小回应最符合我已经明白的真理？,还没做｜做了一点｜认真完成了,还没做,做了一点,认真完成了,今天主动完成一次不需要别人表扬的家庭服务，不解释、不邀功。,伙伴只追踪一个具体行动有没有发生，不评判结果。,一个小行动，就是生命果子的起点。,家庭到底意味着什么？
W20D06,20,6,II 重新连接,关系与传递,腓2：3-4,家庭不是互相控制，而是学习彼此舍己、彼此承担。,问家人：“最近什么事情让你觉得累？”先听完，不急着给解决方案。,问家人：“最近什么事情让你觉得累？,只顾自己｜开始留意别人｜主动做了一件事,只顾自己,开始留意别人,主动做了一件事,把今天的行动带进一个真实关系；伙伴只问“你服事了谁？”,我承担责任时，是出于爱，还是为了控制结果？,让家庭成为门训场所,家庭到底意味着什么？
W20D07,20,7,II 重新连接,回顾,弗5：21,家庭不是互相控制，而是学习彼此舍己、彼此承担。,这一周，我是在用家庭关系满足自己，还是开始学习在家里彼此建造？,这一周，我是在用家庭关系满足自己，还是开始学习在家里彼此建造？,没有变化｜有一个小变化｜准备继续,没有变化,有一个小变化,准备继续,写下“一个改变、一个未完成、一个下一步”。,写下：一个看见｜一个未完成｜一个下一步。,伙伴陪伴下一步，不做属灵成绩评价。,家庭到底意味着什么？
W21D01,21,1,II 重新连接,看见,加6：2-5,爱人不等于替别人活，承担自己的责任也允许别人承担他们的责任。,最近有没有一件事，你一直在替别人操心，甚至比对方本人还着急？,最近什么事，让你更清楚看见“在关系中，什么是我的责任？”？,没有留意｜已经看见｜正在面对,没有留意,已经看见,正在面对,记录一个真实场景，只写发生了什么，不急着评价自己。,可以只分享一个真实场景，不解释、不辩护。,先让福音进入自己的真实生活。,在关系中，什么是我的责任？
W21D02,21,2,II 重新连接,挖根,罗12：3,爱人不等于替别人活，承担自己的责任也允许别人承担他们的责任。,如果我不替他处理，我最担心会发生什么？,这件事背后，我最害怕失去什么？我是在保护、抓住或证明什么？,被反应推着走｜开始辨认根源｜愿意停下来,被反应推着走,开始辨认根源,愿意停下来,完成一句话：“当这件事发生时，我最怕______。,伙伴只问：“你发现了什么？”不急着给答案。,把自己的发现带进一个具体关系。,在关系中，什么是我的责任？
W21D03,21,3,II 重新连接,回经文,加6：2-5,爱人不等于替别人活，承担自己的责任也允许别人承担他们的责任。,带着加6：2–5回到经文：彼此担当重担与各人担当自己的担子为什么可以同时存在？,这段经文正在挑战我过去对“在关系中，什么是我的责任？”的哪一种看法？,有距离｜击中一点｜需要回应,有距离,击中一点,需要回应,安静读今天的核心经文5分钟，写下：“经文让我重新看见______。,分享一句经文怎样进入自己的生活，不急着评价别人。,让经文从理解变成生活选择。,在关系中，什么是我的责任？
W21D04,21,4,II 重新连接,对照,路10：38-42,爱人不等于替别人活，承担自己的责任也允许别人承担他们的责任。,爱可以帮助、陪伴和承担，却不能替另一个成年人作决定、承担他全部后果，或控制他的回应。,我的旧方式和福音方向有什么不同？今天最明显的差距在哪里？,仍按旧标准生活｜开始调整｜已经在实践,仍按旧标准生活,开始调整,已经在实践,做一个小调整，把今天已经明白的真理带进一个真实场景。,伙伴帮助辨认差距，不评价属灵程度。,让生命方向开始影响家庭、工作或群体。,在关系中，什么是我的责任？
W21D05,21,5,II 重新连接,行动,约15：12-14,爱人不等于替别人活，承担自己的责任也允许别人承担他们的责任。,今天选一件事：只完成自己的责任，不替别人做一个本属于他的决定。,今天哪一个小回应最符合我已经明白的真理？,还没做｜做了一点｜认真完成了,还没做,做了一点,认真完成了,今天选一件事：只完成自己的责任，不替别人做一个本属于他的决定。,伙伴只追踪一个具体行动有没有发生，不评判结果。,一个小行动，就是生命果子的起点。,在关系中，什么是我的责任？
W21D06,21,6,II 重新连接,关系与传递,罗12：3,爱人不等于替别人活，承担自己的责任也允许别人承担他们的责任。,和一个伙伴一起分辨：“这是我的责任，还是我想控制的结果？”,和一个伙伴一起分辨：“这是我的责任，还是我想控制的结果？,只顾自己｜开始留意别人｜主动做了一件事,只顾自己,开始留意别人,主动做了一件事,把今天的行动带进一个真实关系；伙伴问“这是谁的责任？”,我正在承担，还是正在控制？,在群体中建立不控制的互助,在关系中，什么是我的责任？
W21D07,21,7,II 重新连接,回顾,加6：2-5,爱人不等于替别人活，承担自己的责任也允许别人承担他们的责任。,这一周，我在哪件事上学会了担当？又在哪件事上学会放回？,又在哪件事上学会放回？,没有变化｜有一个小变化｜准备继续,没有变化,有一个小变化,准备继续,写下“一个改变、一个未完成、一个下一步”。,写下：一个看见｜一个未完成｜一个下一步。,伙伴陪伴下一步，不做属灵成绩评价。,在关系中，什么是我的责任？
W22D01,22,1,II 重新连接,看见,弗4：15,真实的话不要成为伤人的武器，要在爱中说出来。,有没有一句话，你一直没有说；或者有一句话，说出口以后，自己也有些后悔？,最近什么事，让你更清楚看见“怎样说真实的话？”？,没有留意｜已经看见｜正在面对,没有留意,已经看见,正在面对,记录一个真实场景，只写发生了什么，不急着评价自己。,可以只分享一个真实场景，不解释、不辩护。,先让福音进入自己的真实生活。,怎样说真实的话？
W22D02,22,2,II 重新连接,挖根,西4：6,真实的话不要成为伤人的武器，要在爱中说出来。,我想说这句话，是为了让对方更明白，还是为了让自己赢？,这件事背后，我最害怕失去什么？我是在保护、抓住或证明什么？,被反应推着走｜开始辨认根源｜愿意停下来,被反应推着走,开始辨认根源,愿意停下来,完成一句话：“当这件事发生时，我最怕______。,伙伴只问：“你发现了什么？”不急着给答案。,把自己的发现带进一个具体关系。,怎样说真实的话？
W22D03,22,3,II 重新连接,回经文,弗4：15,真实的话不要成为伤人的武器，要在爱中说出来。,带着弗4：15和西4：6回到经文：真理、爱、恩慈怎样同时出现在说话里？,这段经文正在挑战我过去对“怎样说真实的话？”的哪一种看法？,有距离｜击中一点｜需要回应,有距离,击中一点,需要回应,安静读今天的核心经文5分钟，写下：“经文让我重新看见______。,分享一句经文怎样进入自己的生活，不急着评价别人。,让经文从理解变成生活选择。,怎样说真实的话？
W22D04,22,4,II 重新连接,对照,路11：37-44,真实的话不要成为伤人的武器，要在爱中说出来。,真实不是把所有想到的都说出来；爱也不是永远不说。成熟是在真理中选择合宜的时机、方式和分量。,我的旧方式和福音方向有什么不同？今天最明显的差距在哪里？,仍按旧标准生活｜开始调整｜已经在实践,仍按旧标准生活,开始调整,已经在实践,做一个小调整，把今天已经明白的真理带进一个真实场景。,伙伴帮助辨认差距，不评价属灵程度。,让生命方向开始影响家庭、工作或群体。,怎样说真实的话？
W22D05,22,5,II 重新连接,行动,约1：14,真实的话不要成为伤人的武器，要在爱中说出来。,把一句准备说的话重新写一遍：去掉一个评价，留下一个事实和一个真实需要。,今天哪一个小回应最符合我已经明白的真理？,还没做｜做了一点｜认真完成了,还没做,做了一点,认真完成了,把一句准备说的话重新写一遍：去掉一个评价，留下一个事实和一个真实需要。,伙伴只追踪一个具体行动有没有发生，不评判结果。,一个小行动，就是生命果子的起点。,怎样说真实的话？
W22D06,22,6,II 重新连接,关系与传递,西4：6,真实的话不要成为伤人的武器，要在爱中说出来。,和伙伴练习“复述”：先说自己听懂了什么，再说自己的回应，不急着反驳。,和伙伴练习“复述”：先说自己听懂了什么，再说自己的回应，不急着反驳。,只顾自己｜开始留意别人｜主动做了一件事,只顾自己,开始留意别人,主动做了一件事,把今天的行动带进一个真实关系；伙伴练习复述，不急着反驳。,我说真话是为了建造，还是为了让自己赢？,建立可说真话的关系文化,怎样说真实的话？
W22D07,22,7,II 重新连接,回顾,弗4：15,真实的话不要成为伤人的武器，要在爱中说出来。,这一周，我有没有学会既不沉默，也不伤人？,这一周，我有没有学会既不沉默，也不伤人？,没有变化｜有一个小变化｜准备继续,没有变化,有一个小变化,准备继续,写下“一个改变、一个未完成、一个下一步”。,写下：一个看见｜一个未完成｜一个下一步。,伙伴陪伴下一步，不做属灵成绩评价。,怎样说真实的话？
W23D01,23,1,II 重新连接,看见,约11：1-44,神没有照你的时间表行动，不等于祂没有工作。,有没有一件事，你已经祷告很久，却仍然没有看到想要的结果？,最近什么事，让你更清楚看见“神没有按照我的期待做怎么办？”？,没有留意｜已经看见｜正在面对,没有留意,已经看见,正在面对,记录一个真实场景，只写发生了什么，不急着评价自己。,可以只分享一个真实场景，不解释、不辩护。,先让福音进入自己的真实生活。,神没有按照我的期待做怎么办？
W23D02,23,2,II 重新连接,挖根,罗8：28,神没有照你的时间表行动，不等于祂没有工作。,真正难受的，是事情没有改变，还是神没有按我预期的方式工作？,这件事背后，我最害怕失去什么？我是在保护、抓住或证明什么？,被反应推着走｜开始辨认根源｜愿意停下来,被反应推着走,开始辨认根源,愿意停下来,完成一句话：“当这件事发生时，我最怕______。,伙伴只问：“你发现了什么？”不急着给答案。,把自己的发现带进一个具体关系。,神没有按照我的期待做怎么办？
W23D03,23,3,II 重新连接,回经文,约11：1-44,神没有照你的时间表行动，不等于祂没有工作。,带着约11：1–44回到经文：耶稣为什么没有立即照人的期待行动？这段故事又怎样带领人面对死亡、失望与盼望？,这段经文正在挑战我过去对“神没有按照我的期待做怎么办？”的哪一种看法？,有距离｜击中一点｜需要回应,有距离,击中一点,需要回应,安静读今天的核心经文5分钟，写下：“经文让我重新看见______。,分享一句经文怎样进入自己的生活，不急着评价别人。,让经文从理解变成生活选择。,神没有按照我的期待做怎么办？
W23D04,23,4,II 重新连接,对照,约11：1-44,神没有照你的时间表行动，不等于祂没有工作。,信靠不等于假装不痛。我们可以哭、可以问、可以失望，同时仍然把自己留在基督面前。,我的旧方式和福音方向有什么不同？今天最明显的差距在哪里？,仍按旧标准生活｜开始调整｜已经在实践,仍按旧标准生活,开始调整,已经在实践,做一个小调整，把今天已经明白的真理带进一个真实场景。,伙伴帮助辨认差距，不评价属灵程度。,让生命方向开始影响家庭、工作或群体。,神没有按照我的期待做怎么办？
W23D05,23,5,II 重新连接,行动,约11,神没有照你的时间表行动，不等于祂没有工作。,面对一个延迟，今天仍完成自己能够忠心完成的一步，不用强迫自己制造“正面感觉”。,今天哪一个小回应最符合我已经明白的真理？,还没做｜做了一点｜认真完成了,还没做,做了一点,认真完成了,面对一个延迟，今天仍完成自己能够忠心完成的一步，不用强迫自己制造“正面感觉”。,伙伴只追踪一个具体行动有没有发生，不评判结果。,一个小行动，就是生命果子的起点。,神没有按照我的期待做怎么办？
W23D06,23,6,II 重新连接,关系与传递,罗8：28,神没有照你的时间表行动，不等于祂没有工作。,当身边的人正在经历迟延或失望时，今天不要急着解释神；先陪他坐一会儿、听一会儿、祷告一会儿。,当身边的人正在经历迟延或失望时，今天不要急着解释神；先陪他坐一会儿、听一会儿、祷告一会儿。,只顾自己｜开始留意别人｜主动做了一件事,只顾自己,开始留意别人,主动做了一件事,把今天的行动带进一个真实关系；伙伴陪伴而不急于解释神。,我真正失去的是结果，还是对神的预设？,陪伴正在等候的人,神没有按照我的期待做怎么办？
W23D07,23,7,II 重新连接,回顾,约11：1-44,神没有照你的时间表行动，不等于祂没有工作。,这一周，我是否开始容许自己在神面前真实地失望，同时继续跟随？,这一周，我是否开始容许自己在神面前真实地失望，同时继续跟随？,没有变化｜有一个小变化｜准备继续,没有变化,有一个小变化,准备继续,写下“一个改变、一个未完成、一个下一步”。,写下：一个看见｜一个未完成｜一个下一步。,伙伴陪伴下一步，不做属灵成绩评价。,神没有按照我的期待做怎么办？
W24D01,24,1,II 重新连接,看见,林前12：12-27,你不是旁观者，而是基督身体的一部分。,在教会或小组里，你更容易站在什么位置：观察、接受、等待邀请，还是主动参与？,最近什么事，让你更清楚看见“我怎样成为群体中的人？”？,没有留意｜已经看见｜正在面对,没有留意,已经看见,正在面对,记录一个真实场景，只写发生了什么，不急着评价自己。,可以只分享一个真实场景，不解释、不辩护。,先让福音进入自己的真实生活。,我怎样成为群体中的人？
W24D02,24,2,II 重新连接,挖根,罗12：4-8,你不是旁观者，而是基督身体的一部分。,如果没有人邀请我，我最担心什么？怕做错、被拒绝，还是觉得自己没有什么可以给？,这件事背后，我最害怕失去什么？我是在保护、抓住或证明什么？,被反应推着走｜开始辨认根源｜愿意停下来,被反应推着走,开始辨认根源,愿意停下来,完成一句话：“当这件事发生时，我最怕______。,伙伴只问：“你发现了什么？”不急着给答案。,把自己的发现带进一个具体关系。,我怎样成为群体中的人？
W24D03,24,3,II 重新连接,回经文,林前12：12-27,你不是旁观者，而是基督身体的一部分。,带着林前12：12–27回到经文：保罗为什么强调一个身体、多肢体？,这段经文正在挑战我过去对“我怎样成为群体中的人？”的哪一种看法？,有距离｜击中一点｜需要回应,有距离,击中一点,需要回应,安静读今天的核心经文5分钟，写下：“经文让我重新看见______。,分享一句经文怎样进入自己的生活，不急着评价别人。,让经文从理解变成生活选择。,我怎样成为群体中的人？
W24D04,24,4,II 重新连接,对照,路9：1-6,你不是旁观者，而是基督身体的一部分。,参与不是抢位置，也不是把自己变得重要；而是承认自己属于身体，也承认别人同样不可少。,我的旧方式和福音方向有什么不同？今天最明显的差距在哪里？,仍按旧标准生活｜开始调整｜已经在实践,仍按旧标准生活,开始调整,已经在实践,做一个小调整，把今天已经明白的真理带进一个真实场景。,伙伴帮助辨认差距，不评价属灵程度。,让生命方向开始影响家庭、工作或群体。,我怎样成为群体中的人？
W24D05,24,5,II 重新连接,行动,约17：20-23,你不是旁观者，而是基督身体的一部分。,本周主动承担一件小而明确的群体责任，不等别人分配。,今天哪一个小回应最符合我已经明白的真理？,还没做｜做了一点｜认真完成了,还没做,做了一点,认真完成了,本周主动承担一件小而明确的群体责任，不等别人分配。,伙伴只追踪一个具体行动有没有发生，不评判结果。,一个小行动，就是生命果子的起点。,我怎样成为群体中的人？
W24D06,24,6,II 重新连接,关系与传递,罗12：4-8,你不是旁观者，而是基督身体的一部分。,问一个比较安静的人：“你最近有什么需要？我可以怎样陪你？”,问一个比较安静的人：“你最近有什么需要？我可以怎样陪你？,只顾自己｜开始留意别人｜主动做了一件事,只顾自己,开始留意别人,主动做了一件事,把今天的行动带进一个真实关系；伙伴记录一次主动承担。,如果没人邀请我，我有没有主动参与？,贡献自己的时间、能力与关怀,我怎样成为群体中的人？
W24D07,24,7,II 重新连接,回顾,林前12：12-27,你不是旁观者，而是基督身体的一部分。,这一周，我有没有从消费者慢慢走向肢体成员？,这一周，我有没有从消费者慢慢走向肢体成员？,没有变化｜有一个小变化｜准备继续,没有变化,有一个小变化,准备继续,写下“一个改变、一个未完成、一个下一步”。,写下：一个看见｜一个未完成｜一个下一步。,伙伴陪伴下一步，不做属灵成绩评价。,我怎样成为群体中的人？
W25D01,25,1,II 重新连接,看见,约13：1-17,爱不是只在心里关心，而是愿意做具体的事。,有没有一个你很爱的人，你发现自己常常是“为他操心”，却不一定真的知道他需要什么？,最近什么事，让你更清楚看见“爱一个人到底意味着什么？”？,没有留意｜已经看见｜正在面对,没有留意,已经看见,正在面对,记录一个真实场景，只写发生了什么，不急着评价自己。,可以只分享一个真实场景，不解释、不辩护。,先让福音进入自己的真实生活。,爱一个人到底意味着什么？
W25D02,25,2,II 重新连接,挖根,罗12：10,爱不是只在心里关心，而是愿意做具体的事。,如果爱意味着放下自己的方便，我最舍不得放下什么？,这件事背后，我最害怕失去什么？我是在保护、抓住或证明什么？,被反应推着走｜开始辨认根源｜愿意停下来,被反应推着走,开始辨认根源,愿意停下来,完成一句话：“当这件事发生时，我最怕______。,伙伴只问：“你发现了什么？”不急着给答案。,把自己的发现带进一个具体关系。,爱一个人到底意味着什么？
W25D03,25,3,II 重新连接,回经文,约13：1-17,爱不是只在心里关心，而是愿意做具体的事。,带着约13：1–17回到经文：耶稣为门徒洗脚，把爱怎样变成了可看见的行动？,这段经文正在挑战我过去对“爱一个人到底意味着什么？”的哪一种看法？,有距离｜击中一点｜需要回应,有距离,击中一点,需要回应,安静读今天的核心经文5分钟，写下：“经文让我重新看见______。,分享一句经文怎样进入自己的生活，不急着评价别人。,让经文从理解变成生活选择。,爱一个人到底意味着什么？
W25D04,25,4,II 重新连接,对照,约13：1-17,爱不是只在心里关心，而是愿意做具体的事。,爱不是替别人安排人生，而是愿意在合宜范围内服务、倾听、陪伴、承担。,我的旧方式和福音方向有什么不同？今天最明显的差距在哪里？,仍按旧标准生活｜开始调整｜已经在实践,仍按旧标准生活,开始调整,已经在实践,做一个小调整，把今天已经明白的真理带进一个真实场景。,伙伴帮助辨认差距，不评价属灵程度。,让生命方向开始影响家庭、工作或群体。,爱一个人到底意味着什么？
W25D05,25,5,II 重新连接,行动,约一3：16-18,爱不是只在心里关心，而是愿意做具体的事。,今天为一个具体的人做一件对方真正需要的小事，而不是我自己觉得有用的事。,今天哪一个小回应最符合我已经明白的真理？,还没做｜做了一点｜认真完成了,还没做,做了一点,认真完成了,今天为一个具体的人做一件对方真正需要的小事，而不是我自己觉得有用的事。,伙伴只追踪一个具体行动有没有发生，不评判结果。,一个小行动，就是生命果子的起点。,爱一个人到底意味着什么？
W25D06,25,6,II 重新连接,关系与传递,罗12：10,爱不是只在心里关心，而是愿意做具体的事。,问对方：“现在对你来说，什么最有帮助？”然后尊重他的回答。,问对方：“现在对你来说，什么最有帮助？,只顾自己｜开始留意别人｜主动做了一件事,只顾自己,开始留意别人,主动做了一件事,把今天的行动带进一个真实关系；伙伴不追问功劳，只问是否做了。,对方真正需要的是我说什么，还是我做什么？,让服事成为关系语言,爱一个人到底意味着什么？
W25D07,25,7,II 重新连接,回顾,约13：1-17,爱不是只在心里关心，而是愿意做具体的事。,这一周，我有没有从“我想怎样爱”走向“对方真正需要什么”？,这一周，我有没有从“我想怎样爱”走向“对方真正需要什么”？,没有变化｜有一个小变化｜准备继续,没有变化,有一个小变化,准备继续,写下“一个改变、一个未完成、一个下一步”。,写下：一个看见｜一个未完成｜一个下一步。,伙伴陪伴下一步，不做属灵成绩评价。,爱一个人到底意味着什么？
W26D01,26,1,II 重新连接,看见,约15：1-5,归属不只是参加，而是住在基督里。,一年中参加了很多聚会、课程、活动之后，你有没有发现：参加很多，不一定等于里面有真正的连接？,最近什么事，让你更清楚看见“归属不是参加，而是住在基督里”？,没有留意｜已经看见｜正在面对,没有留意,已经看见,正在面对,记录一个真实场景，只写发生了什么，不急着评价自己。,可以只分享一个真实场景，不解释、不辩护。,先让福音进入自己的真实生活。,归属不是参加，而是住在基督里
W26D02,26,2,II 重新连接,挖根,罗12：4-5,归属不只是参加，而是住在基督里。,如果把“住在基督里”变成每天真实的生活，你最担心失去什么习惯、空间或控制？,这件事背后，我最害怕失去什么？我是在保护、抓住或证明什么？,被反应推着走｜开始辨认根源｜愿意停下来,被反应推着走,开始辨认根源,愿意停下来,完成一句话：“当这件事发生时，我最怕______。,伙伴只问：“你发现了什么？”不急着给答案。,把自己的发现带进一个具体关系。,归属不是参加，而是住在基督里
W26D03,26,3,II 重新连接,回经文,约15：1-5,归属不只是参加，而是住在基督里。,带着约15：1–5回到经文：葡萄树与枝子的关系，为什么比“参加一个群体”更深？,这段经文正在挑战我过去对“归属不是参加，而是住在基督里”的哪一种看法？,有距离｜击中一点｜需要回应,有距离,击中一点,需要回应,安静读今天的核心经文5分钟，写下：“经文让我重新看见______。,分享一句经文怎样进入自己的生活，不急着评价别人。,让经文从理解变成生活选择。,归属不是参加，而是住在基督里
W26D04,26,4,II 重新连接,对照,路10：38-42,归属不只是参加，而是住在基督里。,门徒首先不是一个活动参加者，而是一个持续住在基督里的人；从这个生命关系，才自然长出群体、爱与果子。,我的旧方式和福音方向有什么不同？今天最明显的差距在哪里？,仍按旧标准生活｜开始调整｜已经在实践,仍按旧标准生活,开始调整,已经在实践,做一个小调整，把今天已经明白的真理带进一个真实场景。,伙伴帮助辨认差距，不评价属灵程度。,让生命方向开始影响家庭、工作或群体。,归属不是参加，而是住在基督里
W26D05,26,5,II 重新连接,行动,约15：1-8,归属不只是参加，而是住在基督里。,本周固定同一时间，用一小段经文安静、祷告、回应，不追求数量，只学习持续住在主里面。,今天哪一个小回应最符合我已经明白的真理？,还没做｜做了一点｜认真完成了,还没做,做了一点,认真完成了,本周固定同一时间，用一小段经文安静、祷告、回应，不追求数量，只学习持续住在主里面。,伙伴只追踪一个具体行动有没有发生，不评判结果。,一个小行动，就是生命果子的起点。,归属不是参加，而是住在基督里
W26D06,26,6,II 重新连接,关系与传递,罗12：4-5,归属不只是参加，而是住在基督里。,找一个伙伴，约定一个简单的持续节奏：每周一次分享“这周我怎样住在基督里”。,找一个伙伴，约定一个简单的持续节奏：每周一次分享“这周我怎样住在基督里”。,只顾自己｜开始留意别人｜主动做了一件事,只顾自己,开始留意别人,主动做了一件事,把今天的行动带进一个真实关系；伙伴只问“你如何回到基督？”,我什么时候最像“参加者”，什么时候最像“住在基督里的人”？,让联合基督带出群体生命,归属不是参加，而是住在基督里
W26D07,26,7,II 重新连接,回顾,约15：1-5,归属不只是参加，而是住在基督里。,这一周，我更像一个参加者，还是一个正在住在基督里的人？,这一周，我更像一个参加者，还是一个正在住在基督里的人？,没有变化｜有一个小变化｜准备继续,没有变化,有一个小变化,准备继续,写下“一个改变、一个未完成、一个下一步”。,写下：一个看见｜一个未完成｜一个下一步。,伙伴陪伴下一步，不做属灵成绩评价。,归属不是参加，而是住在基督里
W27D01,27,1,III 进入生活,看见,腓1：20-21,不要只问我要得到什么，也问我的生命正在为谁而活。,如果这段时间没有人问你“你在做什么”，你最希望自己的生活留下些什么？,如果这段时间没有人问你“你在做什么”，你最希望自己的生活留下些什么？,没有留意｜已经看见｜正在面对,没有留意,已经看见,正在面对,记录一个真实场景，只写发生了什么，不急着评价自己。,可以只分享一个真实场景，不解释、不辩护。,先让福音进入一个真实生活场景。,我的生命为什么而活？
W27D02,27,2,III 进入生活,挖根,林后5：14-15,不要只问我要得到什么，也问我的生命正在为谁而活。,如果把“我的人生”暂时放下，想想身边真实的人：谁正在因为你的存在而得到帮助或负担？,如果把“我的人生”暂时放下，想想身边真实的人：谁正在因为你的存在而得到帮助或负担？,被反应推着走｜开始辨认根源｜愿意停下来,被反应推着走,开始辨认根源,愿意停下来,完成一句话：“当这件事发生时，我最怕______。,伙伴只问：“你发现了什么？”不急着给答案。,把自己的发现带进一个具体关系。,我的生命为什么而活？
W27D03,27,3,III 进入生活,回经文,腓1：20-21,不要只问我要得到什么，也问我的生命正在为谁而活。,带着腓1：20–21回到经文：保罗怎样把“活着”和“基督”连在一起？,带着腓1：20–21回到经文：保罗怎样把“活着”和“基督”连在一起？,有距离｜击中一点｜需要回应,有距离,击中一点,需要回应,安静读今天的核心经文5分钟，写下：“经文让我重新看见______。,分享一句经文怎样进入自己的生活，不急着评价别人。,让经文从理解变成生活选择。,我的生命为什么而活？
W27D04,27,4,III 进入生活,对照,路9：23-25,不要只问我要得到什么，也问我的生命正在为谁而活。,人生方向不只是“我要得到什么”，也在于“我要为谁而活”。在中国人的家庭与责任文化里，这个问题需要进入真实日常。,人生方向不只是“我要得到什么”，也在于“我要为谁而活”。在中国人的家庭与责任文化里，这个问题需要进入真实日常。,仍按旧标准生活｜开始调整｜已经在实践,仍按旧标准生活,开始调整,已经在实践,做一个小调整，把今天已经明白的真理带进一个真实场景。,伙伴帮助辨认差距，不评价属灵程度。,让生命方向开始影响家庭、工作或群体。,我的生命为什么而活？
W27D05,27,5,III 进入生活,行动,约20：21,不要只问我要得到什么，也问我的生命正在为谁而活。,今天在家庭、工作或教会责任里，认真做好一件本来就该做、却容易被忽略的小事。,今天在家庭、工作或教会责任里，认真做好一件本来就该做、却容易被忽略的小事。,还没做｜做了一点｜认真完成了,还没做,做了一点,认真完成了,今天完成一个“小步行动”：本周为一个超越自己需要的人安排实际时间。,伙伴只追踪一个具体行动有没有发生，不评判结果。,一个小行动，就是生命果子的起点。,我的生命为什么而活？
W27D06,27,6,III 进入生活,关系与传递,林后5：14-15,不要只问我要得到什么，也问我的生命正在为谁而活。,问自己：如果我的安排真的以基督为中心，身边哪个具体的人会先感受到不同？,问自己：如果我的安排真的以基督为中心，身边哪个具体的人会先感受到不同？,只顾自己｜开始留意别人｜主动做了一件事,只顾自己,开始留意别人,主动做了一件事,把今天的行动带进一个真实关系；伙伴问“这一周你为谁活了一点？”,如果把人生从“我要得到”改成“我要成为谁的祝福”，我的安排会怎样变？,把使命放进日常而非额外活动,我的生命为什么而活？
W27D07,27,7,III 进入生活,回顾,腓1：20-21,不要只问我要得到什么，也问我的生命正在为谁而活。,这一周，我有没有从“我想得到什么”走向“我愿意为谁忠心”？,这一周，我有没有从“我想得到什么”走向“我愿意为谁忠心”？,没有变化｜有一个小变化｜准备继续,没有变化,有一个小变化,准备继续,写下“一个改变、一个未完成、一个下一步”。,写下：一个看见｜一个未完成｜一个下一步。,把这一周带进下一步，而不是停在课程结束。,我的生命为什么而活？
W28D01,28,1,III 进入生活,看见,西3：23-24,工作不只是收入，也是忠心生活的一部分。,如果把收入暂时放在一边，你还能说出这份工作对别人有什么价值吗？,如果把收入暂时放在一边，你还能说出这份工作对别人有什么价值吗？,没有留意｜已经看见｜正在面对,没有留意,已经看见,正在面对,记录一个真实场景，只写发生了什么，不急着评价自己。,可以只分享一个真实场景，不解释、不辩护。,先让福音进入一个真实生活场景。,工作只是为了赚钱吗？
W28D02,28,2,III 进入生活,挖根,林前7：17,工作不只是收入，也是忠心生活的一部分。,如果工作做得很好却没有人称赞，什么会让我仍然愿意认真？,如果工作做得很好却没有人称赞，什么会让我仍然愿意认真？,被反应推着走｜开始辨认根源｜愿意停下来,被反应推着走,开始辨认根源,愿意停下来,完成一句话：“当这件事发生时，我最怕______。,伙伴只问：“你发现了什么？”不急着给答案。,把自己的发现带进一个具体关系。,工作只是为了赚钱吗？
W28D03,28,3,III 进入生活,回经文,西3：23-24,工作不只是收入，也是忠心生活的一部分。,带着西3：23–24回到经文：保罗怎样把平常的工作放在“为主而作”的视角下？,带着西3：23–24回到经文：保罗怎样把平常的工作放在“为主而作”的视角下？,有距离｜击中一点｜需要回应,有距离,击中一点,需要回应,安静读今天的核心经文5分钟，写下：“经文让我重新看见______。,分享一句经文怎样进入自己的生活，不急着评价别人。,让经文从理解变成生活选择。,工作只是为了赚钱吗？
W28D04,28,4,III 进入生活,对照,路16：1-13,工作不只是收入，也是忠心生活的一部分。,工作当然需要收入，也承载家庭责任；问题不是“赚钱对不对”，而是薪资是否成了衡量工作的唯一尺度。,工作当然需要收入，也承载家庭责任；问题不是“赚钱对不对”，而是薪资是否成了衡量工作的唯一尺度。,仍按旧标准生活｜开始调整｜已经在实践,仍按旧标准生活,开始调整,已经在实践,做一个小调整，把今天已经明白的真理带进一个真实场景。,伙伴帮助辨认差距，不评价属灵程度。,让生命方向开始影响家庭、工作或群体。,工作只是为了赚钱吗？
W28D05,28,5,III 进入生活,行动,约15：8,工作不只是收入，也是忠心生活的一部分。,选一项本周容易敷衍的工作，把它认真完成，并留意它正在服务谁。,选一项本周容易敷衍的工作，把它认真完成，并留意它正在服务谁。,还没做｜做了一点｜认真完成了,还没做,做了一点,认真完成了,今天完成一个“小步行动”：本周把一项容易敷衍的工作认真做好。,伙伴只追踪一个具体行动有没有发生，不评判结果。,一个小行动，就是生命果子的起点。,工作只是为了赚钱吗？
W28D06,28,6,III 进入生活,关系与传递,林前7：17,工作不只是收入，也是忠心生活的一部分。,对一个同事、客户或合作伙伴做一件不必换来回报的具体帮助。,对一个同事、客户或合作伙伴做一件不必换来回报的具体帮助。,只顾自己｜开始留意别人｜主动做了一件事,只顾自己,开始留意别人,主动做了一件事,把今天的行动带进一个真实关系；伙伴问“你的工作今天祝福了谁？”,我的工作价值只由薪资衡量吗？,让职业成为见证与邻舍祝福,工作只是为了赚钱吗？
W28D07,28,7,III 进入生活,回顾,西3：23-24,工作不只是收入，也是忠心生活的一部分。,这一周，我有没有看见自己的工作不仅关系到收入，也关系到忠心与邻舍？,这一周，我有没有看见自己的工作不仅关系到收入，也关系到忠心与邻舍？,没有变化｜有一个小变化｜准备继续,没有变化,有一个小变化,准备继续,写下“一个改变、一个未完成、一个下一步”。,写下：一个看见｜一个未完成｜一个下一步。,把这一周带进下一步，而不是停在课程结束。,工作只是为了赚钱吗？
W29D01,29,1,III 进入生活,看见,罗12：1-2,辨明神旨意，不只是找答案，而是让生命先被更新。,有没有一个决定，你一直希望别人给你一个百分之百确定的答案？,有没有一个决定，你一直希望别人给你一个百分之百确定的答案？,没有留意｜已经看见｜正在面对,没有留意,已经看见,正在面对,记录一个真实场景，只写发生了什么，不急着评价自己。,可以只分享一个真实场景，不解释、不辩护。,先让福音进入一个真实生活场景。,我怎样辨明神的旨意？
W29D02,29,2,III 进入生活,挖根,献上身体→心意更新→察验旨意,辨明神旨意，不只是找答案，而是让生命先被更新。,如果没有人替你作决定，你最担心的是什么？怕选错，还是怕承担选择的后果？,怕选错，还是怕承担选择的后果？,被反应推着走｜开始辨认根源｜愿意停下来,被反应推着走,开始辨认根源,愿意停下来,完成一句话：“当这件事发生时，我最怕______。,伙伴只问：“你发现了什么？”不急着给答案。,把自己的发现带进一个具体关系。,我怎样辨明神的旨意？
W29D03,29,3,III 进入生活,回经文,罗12：1-2,辨明神旨意，不只是找答案，而是让生命先被更新。,带着罗12：1–2回到经文：心意更新与“察验神的旨意”之间有什么关系？,带着罗12：1–2回到经文：心意更新与“察验神的旨意”之间有什么关系？,有距离｜击中一点｜需要回应,有距离,击中一点,需要回应,安静读今天的核心经文5分钟，写下：“经文让我重新看见______。,分享一句经文怎样进入自己的生活，不急着评价别人。,让经文从理解变成生活选择。,我怎样辨明神的旨意？
W29D04,29,4,III 进入生活,对照,路12：22-34,辨明神旨意，不只是找答案，而是让生命先被更新。,分辨不一定先得到完整地图。有时神已经让我们知道下一步，就先忠心走那一步。,分辨不一定先得到完整地图。有时神已经让我们知道下一步，就先忠心走那一步。,仍按旧标准生活｜开始调整｜已经在实践,仍按旧标准生活,开始调整,已经在实践,做一个小调整，把今天已经明白的真理带进一个真实场景。,伙伴帮助辨认差距，不评价属灵程度。,让生命方向开始影响家庭、工作或群体。,我怎样辨明神的旨意？
W29D05,29,5,III 进入生活,行动,约8：31-32,辨明神旨意，不只是找答案，而是让生命先被更新。,把一个正在犹豫的决定写下来，分清：已经清楚的、仍需寻求的、暂时无法控制的。,把一个正在犹豫的决定写下来，分清：已经清楚的、仍需寻求的、暂时无法控制的。,还没做｜做了一点｜认真完成了,还没做,做了一点,认真完成了,今天完成一个“小步行动”：不急着追求确定感，先做今天已经清楚的忠心选择。,伙伴只追踪一个具体行动有没有发生，不评判结果。,一个小行动，就是生命果子的起点。,我怎样辨明神的旨意？
W29D06,29,6,III 进入生活,关系与传递,献上身体→心意更新→察验旨意,辨明神旨意，不只是找答案，而是让生命先被更新。,找一个成熟、可信任的人分享这个决定，请他帮助你分辨，而不是替你决定。,找一个成熟、可信任的人分享这个决定，请他帮助你分辨，而不是替你决定。,只顾自己｜开始留意别人｜主动做了一件事,只顾自己,开始留意别人,主动做了一件事,把今天的行动带进一个真实关系；伙伴只帮忙澄清，不替人做决定。,我是在寻求神，还是在寻求一个让我安心的答案？,帮助别人也学会自己分辨,我怎样辨明神的旨意？
W29D07,29,7,III 进入生活,回顾,罗12：1-2,辨明神旨意，不只是找答案，而是让生命先被更新。,这一周，我有没有从“求一个答案”走向“学习忠心分辨”？,这一周，我有没有从“求一个答案”走向“学习忠心分辨”？,没有变化｜有一个小变化｜准备继续,没有变化,有一个小变化,准备继续,写下“一个改变、一个未完成、一个下一步”。,写下：一个看见｜一个未完成｜一个下一步。,把这一周带进下一步，而不是停在课程结束。,我怎样辨明神的旨意？
W30D01,30,1,III 进入生活,看见,弗6：1-4,家庭关系本身，就是跟随基督的地方。,在家里，我们最常谈成绩、钱、工作和安排，还是也会谈神在我们身上的工作？,在家里，我们最常谈成绩、钱、工作和安排，还是也会谈神在我们身上的工作？,没有留意｜已经看见｜正在面对,没有留意,已经看见,正在面对,记录一个真实场景，只写发生了什么，不急着评价自己。,可以只分享一个真实场景，不解释、不辩护。,先让福音进入一个真实生活场景。,家庭可以成为门训的地方吗？
W30D02,30,2,III 进入生活,挖根,家庭中的养育与主的教训,家庭关系本身，就是跟随基督的地方。,如果让家人看见真实的你，我最担心他们看见什么？,如果让家人看见真实的你，我最担心他们看见什么？,被反应推着走｜开始辨认根源｜愿意停下来,被反应推着走,开始辨认根源,愿意停下来,完成一句话：“当这件事发生时，我最怕______。,伙伴只问：“你发现了什么？”不急着给答案。,把自己的发现带进一个具体关系。,家庭可以成为门训的地方吗？
W30D03,30,3,III 进入生活,回经文,弗6：1-4,家庭关系本身，就是跟随基督的地方。,带着弗6：1–4回到经文：父母的责任、儿女的回应和“主的教训”如何进入家庭关系？,带着弗6：1–4回到经文：父母的责任、儿女的回应和“主的教训”如何进入家庭关系？,有距离｜击中一点｜需要回应,有距离,击中一点,需要回应,安静读今天的核心经文5分钟，写下：“经文让我重新看见______。,分享一句经文怎样进入自己的生活，不急着评价别人。,让经文从理解变成生活选择。,家庭可以成为门训的地方吗？
W30D04,30,4,III 进入生活,对照,路2：41-52,家庭关系本身，就是跟随基督的地方。,家庭门训不是父母一直教孩子，也包括大人承认自己的软弱、一起祷告、一起学习。,家庭门训不是父母一直教孩子，也包括大人承认自己的软弱、一起祷告、一起学习。,仍按旧标准生活｜开始调整｜已经在实践,仍按旧标准生活,开始调整,已经在实践,做一个小调整，把今天已经明白的真理带进一个真实场景。,伙伴帮助辨认差距，不评价属灵程度。,让生命方向开始影响家庭、工作或群体。,家庭可以成为门训的地方吗？
W30D05,30,5,III 进入生活,行动,约15：9-17,家庭关系本身，就是跟随基督的地方。,本周安排一次10–15分钟的家庭经文、感谢或分享时间，不追求讲得完整。,本周安排一次10–15分钟的家庭经文、感谢或分享时间，不追求讲得完整。,还没做｜做了一点｜认真完成了,还没做,做了一点,认真完成了,今天完成一个“小步行动”：一周一次家庭经文/感谢/分享时间。,伙伴只追踪一个具体行动有没有发生，不评判结果。,一个小行动，就是生命果子的起点。,家庭可以成为门训的地方吗？
W30D06,30,6,III 进入生活,关系与传递,家庭中的养育与主的教训,家庭关系本身，就是跟随基督的地方。,今天先问家里一个人：“最近有什么事情让你觉得感恩或辛苦？”然后认真听。,今天先问家里一个人：“最近有什么事情让你觉得感恩或辛苦？,只顾自己｜开始留意别人｜主动做了一件事,只顾自己,开始留意别人,主动做了一件事,把今天的行动带进一个真实关系；伙伴问“家里发生了什么真实改变？”,我在家里是教导别人，还是与他们一起跟随？,建立可持续的家庭节奏,家庭可以成为门训的地方吗？
W30D07,30,7,III 进入生活,回顾,弗6：1-4,家庭关系本身，就是跟随基督的地方。,这一周，我有没有让家庭少一点“管理”，多一点“一起跟随”？,这一周，我有没有让家庭少一点“管理”，多一点“一起跟随”？,没有变化｜有一个小变化｜准备继续,没有变化,有一个小变化,准备继续,写下“一个改变、一个未完成、一个下一步”。,写下：一个看见｜一个未完成｜一个下一步。,把这一周带进下一步，而不是停在课程结束。,家庭可以成为门训的地方吗？
W31D01,31,1,III 进入生活,看见,林前7：17,跟随基督不一定离开原来的生活，而是在自己的处境中忠心。,你每天工作接触最多的是谁？你有没有认真想过，他们正在从你身上经历什么？,你每天工作接触最多的是谁？他们正在从你身上经历什么？,没有留意｜已经看见｜正在面对,没有留意,已经看见,正在面对,记录一个真实场景，只写发生了什么，不急着评价自己。,可以只分享一个真实场景，不解释、不辩护。,先让福音进入一个真实生活场景。,职业可以成为使命吗？
W31D02,31,2,III 进入生活,挖根,弗2：10,跟随基督不一定离开原来的生活，而是在自己的处境中忠心。,如果工作只是谋生，我最容易忽略谁？,如果工作只是谋生，我最容易忽略谁？,被反应推着走｜开始辨认根源｜愿意停下来,被反应推着走,开始辨认根源,愿意停下来,完成一句话：“当这件事发生时，我最怕______。,伙伴只问：“你发现了什么？”不急着给答案。,把自己的发现带进一个具体关系。,职业可以成为使命吗？
W31D03,31,3,III 进入生活,回经文,林前7：17,跟随基督不一定离开原来的生活，而是在自己的处境中忠心。,带着林前7：17回到经文：保罗为什么让人学习在神呼召自己的处境中忠心？,带着林前7：17回到经文：保罗为什么让人学习在神呼召自己的处境中忠心？,有距离｜击中一点｜需要回应,有距离,击中一点,需要回应,安静读今天的核心经文5分钟，写下：“经文让我重新看见______。,分享一句经文怎样进入自己的生活，不急着评价别人。,让经文从理解变成生活选择。,职业可以成为使命吗？
W31D04,31,4,III 进入生活,对照,路19：1-10,跟随基督不一定离开原来的生活，而是在自己的处境中忠心。,不是每个人都需要换职业才算回应使命。有时最真实的使命，就是在原来的位置上活得忠心、诚实、可靠。,不是每个人都需要换职业才算回应使命。有时最真实的使命，就是在原来的位置上活得忠心、诚实、可靠。,仍按旧标准生活｜开始调整｜已经在实践,仍按旧标准生活,开始调整,已经在实践,做一个小调整，把今天已经明白的真理带进一个真实场景。,伙伴帮助辨认差距，不评价属灵程度。,让生命方向开始影响家庭、工作或群体。,职业可以成为使命吗？
W31D05,31,5,III 进入生活,行动,约20：21,跟随基督不一定离开原来的生活，而是在自己的处境中忠心。,在职业场景里主动帮助一个通常不会给你带来好处的人。,在职业场景里主动帮助一个通常不会给你带来好处的人。,还没做｜做了一点｜认真完成了,还没做,做了一点,认真完成了,今天完成一个“小步行动”：本周刻意帮助一位与自己职业无关的人。,伙伴只追踪一个具体行动有没有发生，不评判结果。,一个小行动，就是生命果子的起点。,职业可以成为使命吗？
W31D06,31,6,III 进入生活,关系与传递,弗2：10,跟随基督不一定离开原来的生活，而是在自己的处境中忠心。,问自己：我的职业今天怎样成为一个具体人的益处，而不只是我的收入来源？,问自己：我的职业今天怎样成为一个具体人的益处，而不只是我的收入来源？,只顾自己｜开始留意别人｜主动做了一件事,只顾自己,开始留意别人,主动做了一件事,把今天的行动带进一个真实关系；伙伴问“你的职业正在祝福谁？”,我的职业每天接触谁？这些人能从我身上看见什么？,让职场成为邻舍与使命现场,职业可以成为使命吗？
W31D07,31,7,III 进入生活,回顾,林前7：17,跟随基督不一定离开原来的生活，而是在自己的处境中忠心。,这一周，我有没有把“职业”和“使命”从两个世界重新连起来？,这一周，我有没有把“职业”和“使命”从两个世界重新连起来？,没有变化｜有一个小变化｜准备继续,没有变化,有一个小变化,准备继续,写下“一个改变、一个未完成、一个下一步”。,写下：一个看见｜一个未完成｜一个下一步。,把这一周带进下一步，而不是停在课程结束。,职业可以成为使命吗？
W32D01,32,1,III 进入生活,看见,林后9：6-8,神给我的资源不只是为了拥有，也是为了给予。,你手里哪一种资源最不容易舍得拿出来：钱、时间、能力、机会，还是关系？,你手里哪一种资源最不容易舍得拿出来：钱、时间、能力、机会，还是关系？,没有留意｜已经看见｜正在面对,没有留意,已经看见,正在面对,记录一个真实场景，只写发生了什么，不急着评价自己。,可以只分享一个真实场景，不解释、不辩护。,先让福音进入一个真实生活场景。,我拥有的东西怎样成为别人的祝福？
W32D02,32,2,III 进入生活,挖根,徒20：35,神给我的资源不只是为了拥有，也是为了给予。,如果少一点控制这些资源，我最担心什么？,如果少一点控制这些资源，我最担心什么？,被反应推着走｜开始辨认根源｜愿意停下来,被反应推着走,开始辨认根源,愿意停下来,完成一句话：“当这件事发生时，我最怕______。,伙伴只问：“你发现了什么？”不急着给答案。,把自己的发现带进一个具体关系。,我拥有的东西怎样成为别人的祝福？
W32D03,32,3,III 进入生活,回经文,林后9：6-8,神给我的资源不只是为了拥有，也是为了给予。,带着林后9：6–8回到经文：保罗怎样谈慷慨、收成和神的供应？,带着林后9：6–8回到经文：保罗怎样谈慷慨、收成和神的供应？,有距离｜击中一点｜需要回应,有距离,击中一点,需要回应,安静读今天的核心经文5分钟，写下：“经文让我重新看见______。,分享一句经文怎样进入自己的生活，不急着评价别人。,让经文从理解变成生活选择。,我拥有的东西怎样成为别人的祝福？
W32D04,32,4,III 进入生活,对照,路12：13-21,神给我的资源不只是为了拥有，也是为了给予。,给予不是证明自己慷慨，也不是把所有资源都交出去；是从领受开始学习有分辨地成为别人的益处。,给予不是证明自己慷慨，也不是把所有资源都交出去；是从领受开始学习有分辨地成为别人的益处。,仍按旧标准生活｜开始调整｜已经在实践,仍按旧标准生活,开始调整,已经在实践,做一个小调整，把今天已经明白的真理带进一个真实场景。,伙伴帮助辨认差距，不评价属灵程度。,让生命方向开始影响家庭、工作或群体。,我拥有的东西怎样成为别人的祝福？
W32D05,32,5,III 进入生活,行动,约12：24-26,神给我的资源不只是为了拥有，也是为了给予。,这一周用一项已有的资源帮助一个具体的人，不强调“这是我给的”。,这一周用一项已有的资源帮助一个具体的人，不强调“这是我给的”。,还没做｜做了一点｜认真完成了,还没做,做了一点,认真完成了,今天完成一个“小步行动”：本周给予一次不求回报的具体帮助。,伙伴只追踪一个具体行动有没有发生，不评判结果。,一个小行动，就是生命果子的起点。,我拥有的东西怎样成为别人的祝福？
W32D06,32,6,III 进入生活,关系与传递,徒20：35,神给我的资源不只是为了拥有，也是为了给予。,留意：我的资源是否只围绕自己和家人，也有没有空间成为共同体的祝福？,留意：我的资源是否只围绕自己和家人，也有没有空间成为共同体的祝福？,只顾自己｜开始留意别人｜主动做了一件事,只顾自己,开始留意别人,主动做了一件事,把今天的行动带进一个真实关系；伙伴只问“祝福了谁？”,我最舍不得给出去的是什么？为什么？,把资源进入共同体与使命,我拥有的东西怎样成为别人的祝福？
W32D07,32,7,III 进入生活,回顾,林后9：6-8,神给我的资源不只是为了拥有，也是为了给予。,这一周，我有没有从“我拥有”走向“我可以怎样托付和给予”？,这一周，我有没有从“我拥有”走向“我可以怎样托付和给予”？,没有变化｜有一个小变化｜准备继续,没有变化,有一个小变化,准备继续,写下“一个改变、一个未完成、一个下一步”。,写下：一个看见｜一个未完成｜一个下一步。,把这一周带进下一步，而不是停在课程结束。,我拥有的东西怎样成为别人的祝福？
W33D01,33,1,III 进入生活,看见,罗15：5-7,接纳不是取消差异，而是在基督里学习一起跟随。,遇到和你说话方式、生活习惯或价值判断很不一样的人时，你第一反应通常是什么？,遇到和你说话方式、生活习惯或价值判断很不一样的人时，你第一反应通常是什么？,没有留意｜已经看见｜正在面对,没有留意,已经看见,正在面对,记录一个真实场景，只写发生了什么，不急着评价自己。,可以只分享一个真实场景，不解释、不辩护。,先让福音进入一个真实生活场景。,怎样面对与我不同的人？
W33D02,33,2,III 进入生活,挖根,罗14：1-4,接纳不是取消差异，而是在基督里学习一起跟随。,真正接近一个与你不同的人，最让你不舒服的是什么？,真正接近一个与你不同的人，最让你不舒服的是什么？,被反应推着走｜开始辨认根源｜愿意停下来,被反应推着走,开始辨认根源,愿意停下来,完成一句话：“当这件事发生时，我最怕______。,伙伴只问：“你发现了什么？”不急着给答案。,把自己的发现带进一个具体关系。,怎样面对与我不同的人？
W33D03,33,3,III 进入生活,回经文,罗15：5-7,接纳不是取消差异，而是在基督里学习一起跟随。,带着罗15：5–7回到经文：保罗为什么把“接纳”放在基督的工作里？,带着罗15：5–7回到经文：保罗为什么把“接纳”放在基督的工作里？,有距离｜击中一点｜需要回应,有距离,击中一点,需要回应,安静读今天的核心经文5分钟，写下：“经文让我重新看见______。,分享一句经文怎样进入自己的生活，不急着评价别人。,让经文从理解变成生活选择。,怎样面对与我不同的人？
W33D04,33,4,III 进入生活,对照,路10：25-37,接纳不是取消差异，而是在基督里学习一起跟随。,接纳不等于同意一切；它首先是承认对方也是主所接纳的人，并学习在真理中一起走。,接纳不等于同意一切；它首先是承认对方也是主所接纳的人，并学习在真理中一起走。,仍按旧标准生活｜开始调整｜已经在实践,仍按旧标准生活,开始调整,已经在实践,做一个小调整，把今天已经明白的真理带进一个真实场景。,伙伴帮助辨认差距，不评价属灵程度。,让生命方向开始影响家庭、工作或群体。,怎样面对与我不同的人？
W33D05,33,5,III 进入生活,行动,约17：20-23,接纳不是取消差异，而是在基督里学习一起跟随。,本周与一个平时不会主动接近的人有一次真实交流，先问问题，再给意见。,本周与一个平时不会主动接近的人有一次真实交流，先问问题，再给意见。,还没做｜做了一点｜认真完成了,还没做,做了一点,认真完成了,今天完成一个“小步行动”：本周与一位平时不会主动接近的人共处一次。,伙伴只追踪一个具体行动有没有发生，不评判结果。,一个小行动，就是生命果子的起点。,怎样面对与我不同的人？
W33D06,33,6,III 进入生活,关系与传递,罗14：1-4,接纳不是取消差异，而是在基督里学习一起跟随。,交流之后记录一句：我原来以为______，现在多知道了______。,交流之后记录一句：我原来以为______，现在多知道了______。,只顾自己｜开始留意别人｜主动做了一件事,只顾自己,开始留意别人,主动做了一件事,把今天的行动带进一个真实关系；伙伴只记录自己学到了什么。,我面对差异时，是先好奇还是先防御？,把差异变成学习与见证的机会,怎样面对与我不同的人？
W33D07,33,7,III 进入生活,回顾,罗15：5-7,接纳不是取消差异，而是在基督里学习一起跟随。,这一周，我有没有从“先判断”走向“先认识、再分辨”？,这一周，我有没有从“先判断”走向“先认识、再分辨”？,没有变化｜有一个小变化｜准备继续,没有变化,有一个小变化,准备继续,写下“一个改变、一个未完成、一个下一步”。,写下：一个看见｜一个未完成｜一个下一步。,把这一周带进下一步，而不是停在课程结束。,怎样面对与我不同的人？
W34D01,34,1,III 进入生活,看见,罗12：18,不能控制别人，但可以决定自己怎样回应。,发生冲突时，你更容易沉默、冷处理、解释自己，还是一定要争个明白？,发生冲突时，你更容易沉默、冷处理、解释自己，还是一定要争个明白？,没有留意｜已经看见｜正在面对,没有留意,已经看见,正在面对,记录一个真实场景，只写发生了什么，不急着评价自己。,可以只分享一个真实场景，不解释、不辩护。,先让福音进入一个真实生活场景。,冲突中怎样仍然活出基督？
W34D02,34,2,III 进入生活,挖根,弗4：26-32,不能控制别人，但可以决定自己怎样回应。,如果不赢这一场，我最担心失去什么：面子、关系、权利，还是被理解？,如果不赢这一场，我最担心失去什么：面子、关系、权利，还是被理解？,被反应推着走｜开始辨认根源｜愿意停下来,被反应推着走,开始辨认根源,愿意停下来,完成一句话：“当这件事发生时，我最怕______。,伙伴只问：“你发现了什么？”不急着给答案。,把自己的发现带进一个具体关系。,冲突中怎样仍然活出基督？
W34D03,34,3,III 进入生活,回经文,罗12：18,不能控制别人，但可以决定自己怎样回应。,带着罗12：18回到经文：保罗说“若是能行，总要尽力与众人和睦”，这里既有责任，也有现实边界。,带着罗12：18回到经文：保罗说“若是能行，总要尽力与众人和睦”，这里既有责任，也有现实边界。,有距离｜击中一点｜需要回应,有距离,击中一点,需要回应,安静读今天的核心经文5分钟，写下：“经文让我重新看见______。,分享一句经文怎样进入自己的生活，不急着评价别人。,让经文从理解变成生活选择。,冲突中怎样仍然活出基督？
W34D04,34,4,III 进入生活,对照,路6：27-36,不能控制别人，但可以决定自己怎样回应。,和好不等于双方马上恢复亲密；有时第一步只是停止报复、说清事实、承认自己的部分，或设立必要的边界。,和好不等于双方马上恢复亲密；有时第一步只是停止报复、说清事实、承认自己的部分，或设立必要的边界。,仍按旧标准生活｜开始调整｜已经在实践,仍按旧标准生活,开始调整,已经在实践,做一个小调整，把今天已经明白的真理带进一个真实场景。,伙伴帮助辨认差距，不评价属灵程度。,让生命方向开始影响家庭、工作或群体。,冲突中怎样仍然活出基督？
W34D05,34,5,III 进入生活,行动,约13：34-35,不能控制别人，但可以决定自己怎样回应。,本周做一次“澄清而非定罪”的对话：只说事实、自己的感受和需要，不给对方贴标签。,本周做一次“澄清而非定罪”的对话：只说事实、自己的感受和需要，不给对方贴标签。,还没做｜做了一点｜认真完成了,还没做,做了一点,认真完成了,今天完成一个“小步行动”：本周主动做一次“澄清而非定罪”的对话。,伙伴只追踪一个具体行动有没有发生，不评判结果。,一个小行动，就是生命果子的起点。,冲突中怎样仍然活出基督？
W34D06,34,6,III 进入生活,关系与传递,弗4：26-32,不能控制别人，但可以决定自己怎样回应。,和一个伙伴练习：先复述对方想表达的，再说自己的回应。,和一个伙伴练习：先复述对方想表达的，再说自己的回应。,只顾自己｜开始留意别人｜主动做了一件事,只顾自己,开始留意别人,主动做了一件事,把今天的行动带进一个真实关系；伙伴问“你承担了哪一部分？”,我最想赢的是事实、面子，还是关系？,让和好成为群体见证,冲突中怎样仍然活出基督？
W34D07,34,7,III 进入生活,回顾,罗12：18,不能控制别人，但可以决定自己怎样回应。,这一周，我有没有少一点“我要赢”，多一点“我愿意按基督的方式回应”？,这一周，我有没有少一点“我要赢”，多一点“我愿意按基督的方式回应”？,没有变化｜有一个小变化｜准备继续,没有变化,有一个小变化,准备继续,写下“一个改变、一个未完成、一个下一步”。,写下：一个看见｜一个未完成｜一个下一步。,把这一周带进下一步，而不是停在课程结束。,冲突中怎样仍然活出基督？
W35D01,35,1,III 进入生活,看见,加6：2,不要只顾自己的事，也学习主动承担别人的重担。,看到一件没人处理的小事时，你第一反应是“谁负责”，还是“我能做什么”？,看到一件没人处理的小事时，你第一反应是“谁负责”，还是“我能做什么”？,没有留意｜已经看见｜正在面对,没有留意,已经看见,正在面对,记录一个真实场景，只写发生了什么，不急着评价自己。,可以只分享一个真实场景，不解释、不辩护。,先让福音进入一个真实生活场景。,我能为谁承担一点责任？
W35D02,35,2,III 进入生活,挖根,腓2：4,不要只顾自己的事，也学习主动承担别人的重担。,如果我主动承担，我最担心什么？被占便宜、被忽略，还是以后大家都找我？,被占便宜、被忽略，还是以后大家都找我？,被反应推着走｜开始辨认根源｜愿意停下来,被反应推着走,开始辨认根源,愿意停下来,完成一句话：“当这件事发生时，我最怕______。,伙伴只问：“你发现了什么？”不急着给答案。,把自己的发现带进一个具体关系。,我能为谁承担一点责任？
W35D03,35,3,III 进入生活,回经文,加6：2,不要只顾自己的事，也学习主动承担别人的重担。,带着加6：2–5回到经文：彼此担当重担与各人担当自己的担子如何并存？,带着加6：2–5回到经文：彼此担当重担与各人担当自己的担子如何并存？,有距离｜击中一点｜需要回应,有距离,击中一点,需要回应,安静读今天的核心经文5分钟，写下：“经文让我重新看见______。,分享一句经文怎样进入自己的生活，不急着评价别人。,让经文从理解变成生活选择。,我能为谁承担一点责任？
W35D04,35,4,III 进入生活,对照,路10：30-37,不要只顾自己的事，也学习主动承担别人的重担。,主动担当不是没有界限；真正成熟的担当，会同时知道什么可以承担、什么需要交还给别人。,主动担当不是没有界限；真正成熟的担当，会同时知道什么可以承担、什么需要交还给别人。,仍按旧标准生活｜开始调整｜已经在实践,仍按旧标准生活,开始调整,已经在实践,做一个小调整，把今天已经明白的真理带进一个真实场景。,伙伴帮助辨认差距，不评价属灵程度。,让生命方向开始影响家庭、工作或群体。,我能为谁承担一点责任？
W35D05,35,5,III 进入生活,行动,约15：12-13,不要只顾自己的事，也学习主动承担别人的重担。,本周主动做一件没人要求、但确实能帮助人的小事。,本周主动做一件没人要求、但确实能帮助人的小事。,还没做｜做了一点｜认真完成了,还没做,做了一点,认真完成了,今天完成一个“小步行动”：本周承担一个没人要求但确实有益处的任务。,伙伴只追踪一个具体行动有没有发生，不评判结果。,一个小行动，就是生命果子的起点。,我能为谁承担一点责任？
W35D06,35,6,III 进入生活,关系与传递,腓2：4,不要只顾自己的事，也学习主动承担别人的重担。,做完以后不邀功，也不把别人的责任一起背走。,做完以后不邀功，也不把别人的责任一起背走。,只顾自己｜开始留意别人｜主动做了一件事,只顾自己,开始留意别人,主动做了一件事,把今天的行动带进一个真实关系；伙伴记录一个主动担当。,我看见需要时，第一反应是“谁负责”，还是“我能做什么”？,成为群体可靠的人,我能为谁承担一点责任？
W35D07,35,7,III 进入生活,回顾,加6：2,不要只顾自己的事，也学习主动承担别人的重担。,这一周，我有没有从“等待安排”走向“在边界内主动爱人”？,这一周，我有没有从“等待安排”走向“在边界内主动爱人”？,没有变化｜有一个小变化｜准备继续,没有变化,有一个小变化,准备继续,写下“一个改变、一个未完成、一个下一步”。,写下：一个看见｜一个未完成｜一个下一步。,把这一周带进下一步，而不是停在课程结束。,我能为谁承担一点责任？
W36D01,36,1,III 进入生活,看见,林前12：4-7,神给你的能力，不只是为自己使用，也是为了服事别人。,你最擅长的一件事是什么？它现在主要服务谁？,它现在主要服务谁？,没有留意｜已经看见｜正在面对,没有留意,已经看见,正在面对,记录一个真实场景，只写发生了什么，不急着评价自己。,可以只分享一个真实场景，不解释、不辩护。,先让福音进入一个真实生活场景。,我的能力应该为谁使用？
W36D02,36,2,III 进入生活,挖根,恩赐不同、同一圣灵、为共同益处,神给你的能力，不只是为自己使用，也是为了服事别人。,如果别人比我做得更好，我的能力还值得使用吗？,如果别人比我做得更好，我的能力还值得使用吗？,被反应推着走｜开始辨认根源｜愿意停下来,被反应推着走,开始辨认根源,愿意停下来,完成一句话：“当这件事发生时，我最怕______。,伙伴只问：“你发现了什么？”不急着给答案。,把自己的发现带进一个具体关系。,我的能力应该为谁使用？
W36D03,36,3,III 进入生活,回经文,林前12：4-7,神给你的能力，不只是为自己使用，也是为了服事别人。,带着林前12：4–7回到经文：不同恩赐、同一圣灵，为了什么目的？,带着林前12：4–7回到经文：不同恩赐、同一圣灵，为了什么目的？,有距离｜击中一点｜需要回应,有距离,击中一点,需要回应,安静读今天的核心经文5分钟，写下：“经文让我重新看见______。,分享一句经文怎样进入自己的生活，不急着评价别人。,让经文从理解变成生活选择。,我的能力应该为谁使用？
W36D04,36,4,III 进入生活,对照,路9：1-6,神给你的能力，不只是为自己使用，也是为了服事别人。,能力本身没有必要证明你是谁；今天可以问：神已经给我的这份能力，可以怎样成为共同益处？,能力本身没有必要证明你是谁；今天可以问：神已经给我的这份能力，可以怎样成为共同益处？,仍按旧标准生活｜开始调整｜已经在实践,仍按旧标准生活,开始调整,已经在实践,做一个小调整，把今天已经明白的真理带进一个真实场景。,伙伴帮助辨认差距，不评价属灵程度。,让生命方向开始影响家庭、工作或群体。,我的能力应该为谁使用？
W36D05,36,5,III 进入生活,行动,约15：8,神给你的能力，不只是为自己使用，也是为了服事别人。,本周用一项能力帮助一个人，刻意不把它当成展示自己的机会。,本周用一项能力帮助一个人，刻意不把它当成展示自己的机会。,还没做｜做了一点｜认真完成了,还没做,做了一点,认真完成了,今天完成一个“小步行动”：本周用一项能力服务别人，不把它当作展示机会。,伙伴只追踪一个具体行动有没有发生，不评判结果。,一个小行动，就是生命果子的起点。,我的能力应该为谁使用？
W36D06,36,6,III 进入生活,关系与传递,恩赐不同、同一圣灵、为共同益处,神给你的能力，不只是为自己使用，也是为了服事别人。,请一个伙伴告诉你：“这项能力具体让谁受益了？”,请一个伙伴告诉你：“这项能力具体让谁受益了？,只顾自己｜开始留意别人｜主动做了一件事,只顾自己,开始留意别人,主动做了一件事,把今天的行动带进一个真实关系；伙伴给反馈“受益在哪里”，而非“你多厉害”。,我的能力最常服务谁？为什么？,建立彼此成全的恩赐文化,我的能力应该为谁使用？
W36D07,36,7,III 进入生活,回顾,林前12：4-7,神给你的能力，不只是为自己使用，也是为了服事别人。,这一周，我有没有从“我的能力”走向“神借我服事谁”？,这一周，我有没有从“我的能力”走向“神借我服事谁”？,没有变化｜有一个小变化｜准备继续,没有变化,有一个小变化,准备继续,写下“一个改变、一个未完成、一个下一步”。,写下：一个看见｜一个未完成｜一个下一步。,把这一周带进下一步，而不是停在课程结束。,我的能力应该为谁使用？
W37D01,37,1,III 进入生活,看见,罗12：3-8,不要承担神没有给你的，也不要逃避神已经交给你的。,哪一项长期、琐碎、没有掌声的责任，你最近最容易拖延？,哪一项长期、琐碎、没有掌声的责任，你最近最容易拖延？,没有留意｜已经看见｜正在面对,没有留意,已经看见,正在面对,记录一个真实场景，只写发生了什么，不急着评价自己。,可以只分享一个真实场景，不解释、不辩护。,先让福音进入一个真实生活场景。,我怎样忠心承担神交给我的？
W37D02,37,2,III 进入生活,挖根,林前4：1-2,不要承担神没有给你的，也不要逃避神已经交给你的。,如果我不能把所有事情都做好，我最怕别人怎样评价我？,如果我不能把所有事情都做好，我最怕别人怎样评价我？,被反应推着走｜开始辨认根源｜愿意停下来,被反应推着走,开始辨认根源,愿意停下来,完成一句话：“当这件事发生时，我最怕______。,伙伴只问：“你发现了什么？”不急着给答案。,把自己的发现带进一个具体关系。,我怎样忠心承担神交给我的？
W37D03,37,3,III 进入生活,回经文,罗12：3-8,不要承担神没有给你的，也不要逃避神已经交给你的。,带着罗12：3–8回到经文：不同肢体、不同恩赐，怎样共同形成一个身体？,带着罗12：3–8回到经文：不同肢体、不同恩赐，怎样共同形成一个身体？,有距离｜击中一点｜需要回应,有距离,击中一点,需要回应,安静读今天的核心经文5分钟，写下：“经文让我重新看见______。,分享一句经文怎样进入自己的生活，不急着评价别人。,让经文从理解变成生活选择。,我怎样忠心承担神交给我的？
W37D04,37,4,III 进入生活,对照,路16：10-12,不要承担神没有给你的，也不要逃避神已经交给你的。,成熟不是“什么都负责”，而是知道什么是自己的托付，并愿意长期忠心。,成熟不是“什么都负责”，而是知道什么是自己的托付，并愿意长期忠心。,仍按旧标准生活｜开始调整｜已经在实践,仍按旧标准生活,开始调整,已经在实践,做一个小调整，把今天已经明白的真理带进一个真实场景。,伙伴帮助辨认差距，不评价属灵程度。,让生命方向开始影响家庭、工作或群体。,我怎样忠心承担神交给我的？
W37D05,37,5,III 进入生活,行动,约15：4-8,不要承担神没有给你的，也不要逃避神已经交给你的。,选一项拖延的责任，本周完成它的一个明确终点，而不是继续列计划。,选一项拖延的责任，本周完成它的一个明确终点，而不是继续列计划。,还没做｜做了一点｜认真完成了,还没做,做了一点,认真完成了,今天完成一个“小步行动”：本周把一件长期拖延的小责任彻底完成。,伙伴只追踪一个具体行动有没有发生，不评判结果。,一个小行动，就是生命果子的起点。,我怎样忠心承担神交给我的？
W37D06,37,6,III 进入生活,关系与传递,林前4：1-2,不要承担神没有给你的，也不要逃避神已经交给你的。,和伙伴一起问：“这是我的托付，还是我想控制的结果？”,和伙伴一起问：“这是我的托付，还是我想控制的结果？,只顾自己｜开始留意别人｜主动做了一件事,只顾自己,开始留意别人,主动做了一件事,把今天的行动带进一个真实关系；伙伴问“你最需要忠心的是哪一项？”,我承担得太多，还是逃避得太多？,形成可信赖的生活方式,我怎样忠心承担神交给我的？
W37D07,37,7,III 进入生活,回顾,罗12：3-8,不要承担神没有给你的，也不要逃避神已经交给你的。,这一周，我有没有更清楚地承担属于自己的，也放下不属于自己的？,这一周，我有没有更清楚地承担属于自己的，也放下不属于自己的？,没有变化｜有一个小变化｜准备继续,没有变化,有一个小变化,准备继续,写下“一个改变、一个未完成、一个下一步”。,写下：一个看见｜一个未完成｜一个下一步。,把这一周带进下一步，而不是停在课程结束。,我怎样忠心承担神交给我的？
W38D01,38,1,III 进入生活,看见,腓2：14-16,见证不只在说什么，也在怎样生活。,别人最容易从你的日常看见什么：急躁、可靠、体贴、比较，还是平安？,别人最容易从你的日常看见什么：急躁、可靠、体贴、比较，还是平安？,没有留意｜已经看见｜正在面对,没有留意,已经看见,正在面对,记录一个真实场景，只写发生了什么，不急着评价自己。,可以只分享一个真实场景，不解释、不辩护。,先让福音进入一个真实生活场景。,怎样在普通生活中见证基督？
W38D02,38,2,III 进入生活,挖根,在世代中好像明光、将生命的道表明出来,见证不只在说什么，也在怎样生活。,如果同事、邻居或亲友只观察你的生活，不听你的解释，他们会认识到什么？,如果同事、邻居或亲友只观察你的生活，不听你的解释，他们会认识到什么？,被反应推着走｜开始辨认根源｜愿意停下来,被反应推着走,开始辨认根源,愿意停下来,完成一句话：“当这件事发生时，我最怕______。,伙伴只问：“你发现了什么？”不急着给答案。,把自己的发现带进一个具体关系。,怎样在普通生活中见证基督？
W38D03,38,3,III 进入生活,回经文,腓2：14-16,见证不只在说什么，也在怎样生活。,带着腓2：14–16回到经文：保罗为什么把“发光”和日常生活联系在一起？,带着腓2：14–16回到经文：保罗为什么把“发光”和日常生活联系在一起？,有距离｜击中一点｜需要回应,有距离,击中一点,需要回应,安静读今天的核心经文5分钟，写下：“经文让我重新看见______。,分享一句经文怎样进入自己的生活，不急着评价别人。,让经文从理解变成生活选择。,怎样在普通生活中见证基督？
W38D04,38,4,III 进入生活,对照,路5：27-32,见证不只在说什么，也在怎样生活。,见证不是把自己装得很属灵，而是在真实处境中让基督改变过的生命慢慢变得可见。,见证不是把自己装得很属灵，而是在真实处境中让基督改变过的生命慢慢变得可见。,仍按旧标准生活｜开始调整｜已经在实践,仍按旧标准生活,开始调整,已经在实践,做一个小调整，把今天已经明白的真理带进一个真实场景。,伙伴帮助辨认差距，不评价属灵程度。,让生命方向开始影响家庭、工作或群体。,怎样在普通生活中见证基督？
W38D05,38,5,III 进入生活,行动,约8：12,见证不只在说什么，也在怎样生活。,这周让一个非基督徒真实感受到一次具体善意，不以此换取机会。,这周让一个非基督徒真实感受到一次具体善意，不以此换取机会。,还没做｜做了一点｜认真完成了,还没做,做了一点,认真完成了,今天完成一个“小步行动”：本周让一个非基督徒真实感受到一次具体善意。,伙伴只追踪一个具体行动有没有发生，不评判结果。,一个小行动，就是生命果子的起点。,怎样在普通生活中见证基督？
W38D06,38,6,III 进入生活,关系与传递,在世代中好像明光、将生命的道表明出来,见证不只在说什么，也在怎样生活。,记下一个场景：别人怎样经历了你的选择，而不是“我讲了什么”。,记下一个场景：别人怎样经历了你的选择，而不是“我讲了什么”。,只顾自己｜开始留意别人｜主动做了一件事,只顾自己,开始留意别人,主动做了一件事,把今天的行动带进一个真实关系；伙伴只分享一次真实见证。,别人最容易从我的生活看见什么？,让生活方式成为福音入口,怎样在普通生活中见证基督？
W38D07,38,7,III 进入生活,回顾,腓2：14-16,见证不只在说什么，也在怎样生活。,这一周，我有没有让生活方式成为福音的入口？,这一周，我有没有让生活方式成为福音的入口？,没有变化｜有一个小变化｜准备继续,没有变化,有一个小变化,准备继续,写下“一个改变、一个未完成、一个下一步”。,写下：一个看见｜一个未完成｜一个下一步。,把这一周带进下一步，而不是停在课程结束。,怎样在普通生活中见证基督？
W39D01,39,1,III 进入生活,看见,林前11：1,不是先成为完美的人，而是成为一个真实跟随基督、别人可以学习的人。,如果有人仔细观察你的生活，他最可能学到哪一种处理事情的方式？,如果有人仔细观察你的生活，他最可能学到哪一种处理事情的方式？,没有留意｜已经看见｜正在面对,没有留意,已经看见,正在面对,记录一个真实场景，只写发生了什么，不急着评价自己。,可以只分享一个真实场景，不解释、不辩护。,先让福音进入一个真实生活场景。,怎样成为别人可以学习的门徒？
W39D02,39,2,III 进入生活,挖根,腓4：9,不是先成为完美的人，而是成为一个真实跟随基督、别人可以学习的人。,如果有人照着你今天的生活学，你最不希望他学到什么？,如果有人照着你今天的生活学，你最不希望他学到什么？,被反应推着走｜开始辨认根源｜愿意停下来,被反应推着走,开始辨认根源,愿意停下来,完成一句话：“当这件事发生时，我最怕______。,伙伴只问：“你发现了什么？”不急着给答案。,把自己的发现带进一个具体关系。,怎样成为别人可以学习的门徒？
W39D03,39,3,III 进入生活,回经文,林前11：1,不是先成为完美的人，而是成为一个真实跟随基督、别人可以学习的人。,带着林前11：1回到经文：保罗说“你们该效法我，像我效法基督一样”，重点落在哪里？,带着林前11：1回到经文：保罗说“你们该效法我，像我效法基督一样”，重点落在哪里？,有距离｜击中一点｜需要回应,有距离,击中一点,需要回应,安静读今天的核心经文5分钟，写下：“经文让我重新看见______。,分享一句经文怎样进入自己的生活，不急着评价别人。,让经文从理解变成生活选择。,怎样成为别人可以学习的门徒？
W39D04,39,4,III 进入生活,对照,路9：23,不是先成为完美的人，而是成为一个真实跟随基督、别人可以学习的人。,可学习的门徒不是没有软弱，而是在软弱中仍然愿意回到基督、承认问题、重新走下一步。,可学习的门徒不是没有软弱，而是在软弱中仍然愿意回到基督、承认问题、重新走下一步。,仍按旧标准生活｜开始调整｜已经在实践,仍按旧标准生活,开始调整,已经在实践,做一个小调整，把今天已经明白的真理带进一个真实场景。,伙伴帮助辨认差距，不评价属灵程度。,让生命方向开始影响家庭、工作或群体。,怎样成为别人可以学习的门徒？
W39D05,39,5,III 进入生活,行动,约13,不是先成为完美的人，而是成为一个真实跟随基督、别人可以学习的人。,本周让一个人真实看见你怎样处理一次选择、冲突或责任，不刻意表演。,本周让一个人真实看见你怎样处理一次选择、冲突或责任，不刻意表演。,还没做｜做了一点｜认真完成了,还没做,做了一点,认真完成了,今天完成一个“小步行动”：本周让一个人看见你如何处理一次选择、冲突或责任。,伙伴只追踪一个具体行动有没有发生，不评判结果。,一个小行动，就是生命果子的起点。,怎样成为别人可以学习的门徒？
W39D06,39,6,III 进入生活,关系与传递,腓4：9,不是先成为完美的人，而是成为一个真实跟随基督、别人可以学习的人。,和一个伙伴分享一个“我还没有做好的地方”，以及下一步怎样跟随。,和一个伙伴分享一个“我还没有做好的地方”，以及下一步怎样跟随。,只顾自己｜开始留意别人｜主动做了一件事,只顾自己,开始留意别人,主动做了一件事,把今天的行动带进一个真实关系；伙伴反馈“看见了什么”，不评价属灵程度。,别人从我的生命最容易学到什么？,为下一阶段门徒与祝福铺路,怎样成为别人可以学习的门徒？
W39D07,39,7,III 进入生活,回顾,林前11：1,不是先成为完美的人，而是成为一个真实跟随基督、别人可以学习的人。,这一周，我有没有从“我要表现得好”走向“让别人看见怎样跟随基督”？,这一周，我有没有从“我要表现得好”走向“让别人看见怎样跟随基督”？,没有变化｜有一个小变化｜准备继续,没有变化,有一个小变化,准备继续,写下“一个改变、一个未完成、一个下一步”。,写下：一个看见｜一个未完成｜一个下一步。,把这一周带进下一步，而不是停在课程结束。,怎样成为别人可以学习的门徒？
W40D01,40,1,IV 结出果子,看见,约15：1-8,真正的果子不是靠自己制造，而是从住在基督里产生。,先看见自己正在经历的“我的生命正在结什么果子？”，不用急着改变，先辨认它在生活中什么时候出现。,今天什么时候最容易出现这个问题：“我的生命正在结什么果子？”？,没有留意｜已经看见｜正在面对,没有留意,已经看见,正在面对,记录一次真实场景，只写“发生了什么”，不急着评价自己。,可以只分享一个真实场景，不解释、不辩护。,先让福音进入自己的真实生活。,从活动成果转向生命果子
W40D02,40,2,IV 结出果子,挖根,加5：22-23,真正的果子不是靠自己制造，而是从住在基督里产生。,今天往里走一步：当“我的生命正在结什么果子？”出现时，我最怕失去、最想抓住或最想证明的是什么？,如果暂时不急着解决，我真正担心的是什么？,被反应推着走｜开始辨认根源｜愿意停下来,被反应推着走,开始辨认根源,愿意停下来,为今天发现的根源写下一句话：我真正害怕/抓住/证明的是______。,伙伴只问“你发现了什么？”，不急着给答案。,把自己的发现带进一个具体关系。,从活动成果转向生命果子
W40D03,40,3,IV 结出果子,回经文,约15：1-8,真正的果子不是靠自己制造，而是从住在基督里产生。,”,这段经文有没有一句话，正在挑战我对“我的生命正在结什么果子？”的原有理解？,有距离｜击中一点｜需要回应,有距离,击中一点,需要回应,用约15：1-8安静5分钟，记下一句最需要带进生活的话。,小组分享一句经文如何进入自己的生活。,让经文从理解变成生活选择。,从活动成果转向生命果子
W40D04,40,4,IV 结出果子,对照,路6：43-45,真正的果子不是靠自己制造，而是从住在基督里产生。,把自己的旧习惯与新约的方向放在一起看：真正的果子不是靠自我制造，而是从住在基督里产生，并在生活中变得可见。,我现在的做法，与今天看见的福音方向差在哪里？,仍按旧标准生活｜开始调整｜已经在实践,仍按旧标准生活,开始调整,已经在实践,做一个小调整，方向是：真正的果子不是靠自己制造，而是从住在基督里产生。,伙伴帮助辨认差距，不评判属灵程度。,让生命方向影响家庭、工作或群体。,从活动成果转向生命果子
W40D05,40,5,IV 结出果子,行动,约15：1-8,真正的果子不是靠自己制造，而是从住在基督里产生。,把今天的回应缩小成一个可执行动作：本周在一个最容易失控的场景刻意练习一个果子。,今天我能做哪一个小而真实的改变？,还没做｜做了一点｜认真完成了,还没做,做了一点,认真完成了,今天完成一个“小步行动”：本周在一个最容易失控的场景刻意练习一个果子。,伙伴只追踪一个具体行动有没有发生。,一个小行动，就是生命果子的起点。,从活动成果转向生命果子
W40D06,40,6,IV 结出果子,关系与传递,加5：22-23,真正的果子不是靠自己制造，而是从住在基督里产生。,把生命放进关系里：今天谁会因为我的选择而受益、受伤或得到安慰？,我的选择会怎样影响身边一个具体的人？,只顾自己｜开始留意别人｜主动做了一件事,只顾自己,开始留意别人,主动做了一件事,把今天的行动带进一个真实关系；伙伴只反馈具体行为变化。,我的生活最明显结出什么果子？什么地方仍然需要基督？,让成熟成为别人可以受益的生命,从活动成果转向生命果子
W40D07,40,7,IV 结出果子,回顾,约15：1-8,真正的果子不是靠自己制造，而是从住在基督里产生。,回顾这一周：我有没有从这个生命问题走出一点新的方向？下一步只保留一个继续操练的重点。,这周什么真的改变了一点？什么仍需要继续？,没有变化｜有一个小变化｜准备继续,没有变化,有一个小变化,准备继续,写下“一个改变、一个未完成、一个下一步”。,伙伴只反馈具体行为变化。,把这一周的学习带进下一周，而不是停在课程结束。,从活动成果转向生命果子
W41D01,41,1,IV 结出果子,看见,腓1：6,还没有完成，不等于没有成长。,先看见自己正在经历的“为什么生命成长需要时间？”，不用急着改变，先辨认它在生活中什么时候出现。,今天什么时候最容易出现这个问题：“为什么生命成长需要时间？”？,没有留意｜已经看见｜正在面对,没有留意,已经看见,正在面对,记录一次真实场景，只写“发生了什么”，不急着评价自己。,可以只分享一个真实场景，不解释、不辩护。,先让福音进入自己的真实生活。,从速成期待转向持续成长
W41D02,41,2,IV 结出果子,挖根,林后3：18,还没有完成，不等于没有成长。,今天往里走一步：当“为什么生命成长需要时间？”出现时，我最怕失去、最想抓住或最想证明的是什么？,如果暂时不急着解决，我真正担心的是什么？,被反应推着走｜开始辨认根源｜愿意停下来,被反应推着走,开始辨认根源,愿意停下来,为今天发现的根源写下一句话：我真正害怕/抓住/证明的是______。,伙伴只问“你发现了什么？”，不急着给答案。,把自己的发现带进一个具体关系。,从速成期待转向持续成长
W41D03,41,3,IV 结出果子,回经文,腓1：6,还没有完成，不等于没有成长。,”,这段经文有没有一句话，正在挑战我对“为什么生命成长需要时间？”的原有理解？,有距离｜击中一点｜需要回应,有距离,击中一点,需要回应,用腓1：6安静5分钟，记下一句最需要带进生活的话。,小组分享一句经文如何进入自己的生活。,让经文从理解变成生活选择。,从速成期待转向持续成长
W41D04,41,4,IV 结出果子,对照,路9：18-27,还没有完成，不等于没有成长。,把自己的旧习惯与新约的方向放在一起看：生命成长是持续过程，不因“尚未完成”就否定神正在做的工作。,我现在的做法，与今天看见的福音方向差在哪里？,仍按旧标准生活｜开始调整｜已经在实践,仍按旧标准生活,开始调整,已经在实践,做一个小调整，方向是：还没有完成，不等于没有成长。,伙伴帮助辨认差距，不评判属灵程度。,让生命方向影响家庭、工作或群体。,从速成期待转向持续成长
W41D05,41,5,IV 结出果子,行动,约15：1-5,还没有完成，不等于没有成长。,把今天的回应缩小成一个可执行动作：允许一个长期操练继续30天，不因一次失败取消。,今天我能做哪一个小而真实的改变？,还没做｜做了一点｜认真完成了,还没做,做了一点,认真完成了,今天完成一个“小步行动”：允许一个长期操练继续30天，不因一次失败取消。,伙伴只追踪一个具体行动有没有发生。,一个小行动，就是生命果子的起点。,从速成期待转向持续成长
W41D06,41,6,IV 结出果子,关系与传递,林后3：18,还没有完成，不等于没有成长。,把生命放进关系里：今天谁会因为我的选择而受益、受伤或得到安慰？,我的选择会怎样影响身边一个具体的人？,只顾自己｜开始留意别人｜主动做了一件事,只顾自己,开始留意别人,主动做了一件事,把今天的行动带进一个真实关系；伙伴帮忙指出可见的小变化。,我是否只看见没做到的，却没看见已经开始的？,学习鼓励别人坚持小步前行,从速成期待转向持续成长
W41D07,41,7,IV 结出果子,回顾,腓1：6,还没有完成，不等于没有成长。,回顾这一周：我有没有从这个生命问题走出一点新的方向？下一步只保留一个继续操练的重点。,这周什么真的改变了一点？什么仍需要继续？,没有变化｜有一个小变化｜准备继续,没有变化,有一个小变化,准备继续,写下“一个改变、一个未完成、一个下一步”。,伙伴帮忙指出可见的小变化。,把这一周的学习带进下一周，而不是停在课程结束。,从速成期待转向持续成长
W42D01,42,1,IV 结出果子,看见,林后1：3-4,你曾领受的安慰，也可以成为别人今天需要的安慰。,先看见自己正在经历的“我可以成为谁的祝福？”，不用急着改变，先辨认它在生活中什么时候出现。,今天什么时候最容易出现这个问题：“我可以成为谁的祝福？”？,没有留意｜已经看见｜正在面对,没有留意,已经看见,正在面对,记录一次真实场景，只写“发生了什么”，不急着评价自己。,可以只分享一个真实场景，不解释、不辩护。,先让福音进入自己的真实生活。,从受恩典者转向安慰者
W42D02,42,2,IV 结出果子,挖根,神安慰我们，使我们能安慰别人,你曾领受的安慰，也可以成为别人今天需要的安慰。,今天往里走一步：当“我可以成为谁的祝福？”出现时，我最怕失去、最想抓住或最想证明的是什么？,如果暂时不急着解决，我真正担心的是什么？,被反应推着走｜开始辨认根源｜愿意停下来,被反应推着走,开始辨认根源,愿意停下来,为今天发现的根源写下一句话：我真正害怕/抓住/证明的是______。,伙伴只问“你发现了什么？”，不急着给答案。,把自己的发现带进一个具体关系。,从受恩典者转向安慰者
W42D03,42,3,IV 结出果子,回经文,林后1：3-4,你曾领受的安慰，也可以成为别人今天需要的安慰。,”,这段经文有没有一句话，正在挑战我对“我可以成为谁的祝福？”的原有理解？,有距离｜击中一点｜需要回应,有距离,击中一点,需要回应,用林后1：3-4安静5分钟，记下一句最需要带进生活的话。,小组分享一句经文如何进入自己的生活。,让经文从理解变成生活选择。,从受恩典者转向安慰者
W42D04,42,4,IV 结出果子,对照,路7：11-17,你曾领受的安慰，也可以成为别人今天需要的安慰。,把自己的旧习惯与新约的方向放在一起看：神在人的经历中所赐的安慰和恩典，可以成为安慰别人的资源。,我现在的做法，与今天看见的福音方向差在哪里？,仍按旧标准生活｜开始调整｜已经在实践,仍按旧标准生活,开始调整,已经在实践,做一个小调整，方向是：你曾领受的安慰，也可以成为别人今天需要的安慰。,伙伴帮助辨认差距，不评判属灵程度。,让生命方向影响家庭、工作或群体。,从受恩典者转向安慰者
W42D05,42,5,IV 结出果子,行动,约15：12-13,你曾领受的安慰，也可以成为别人今天需要的安慰。,把今天的回应缩小成一个可执行动作：主动陪伴一个需要帮助的人一次。,今天我能做哪一个小而真实的改变？,还没做｜做了一点｜认真完成了,还没做,做了一点,认真完成了,今天完成一个“小步行动”：主动陪伴一个需要帮助的人一次。,伙伴只追踪一个具体行动有没有发生。,一个小行动，就是生命果子的起点。,从受恩典者转向安慰者
W42D06,42,6,IV 结出果子,关系与传递,神安慰我们，使我们能安慰别人,你曾领受的安慰，也可以成为别人今天需要的安慰。,把生命放进关系里：今天谁会因为我的选择而受益、受伤或得到安慰？,我的选择会怎样影响身边一个具体的人？,只顾自己｜开始留意别人｜主动做了一件事,只顾自己,开始留意别人,主动做了一件事,把今天的行动带进一个真实关系；伙伴分享一次安慰经验。,哪些经历让别人觉得“你真的懂我”？,用经历服事人而非自我中心讲述,从受恩典者转向安慰者
W42D07,42,7,IV 结出果子,回顾,林后1：3-4,你曾领受的安慰，也可以成为别人今天需要的安慰。,回顾这一周：我有没有从这个生命问题走出一点新的方向？下一步只保留一个继续操练的重点。,这周什么真的改变了一点？什么仍需要继续？,没有变化｜有一个小变化｜准备继续,没有变化,有一个小变化,准备继续,写下“一个改变、一个未完成、一个下一步”。,伙伴分享一次安慰经验。,把这一周的学习带进下一周，而不是停在课程结束。,从受恩典者转向安慰者
W43D01,43,1,IV 结出果子,看见,腓4：9,别人从你的生活学到什么，往往比你说什么更深。,先看见自己正在经历的“别人可以从我的生命学到什么？”，不用急着改变，先辨认它在生活中什么时候出现。,今天什么时候最容易出现这个问题：“别人可以从我的生命学到什么？”？,没有留意｜已经看见｜正在面对,没有留意,已经看见,正在面对,记录一次真实场景，只写“发生了什么”，不急着评价自己。,可以只分享一个真实场景，不解释、不辩护。,先让福音进入自己的真实生活。,从有道理转向有榜样
W43D02,43,2,IV 结出果子,挖根,所学所领受所听所见都要实行,别人从你的生活学到什么，往往比你说什么更深。,今天往里走一步：当“别人可以从我的生命学到什么？”出现时，我最怕失去、最想抓住或最想证明的是什么？,如果暂时不急着解决，我真正担心的是什么？,被反应推着走｜开始辨认根源｜愿意停下来,被反应推着走,开始辨认根源,愿意停下来,为今天发现的根源写下一句话：我真正害怕/抓住/证明的是______。,伙伴只问“你发现了什么？”，不急着给答案。,把自己的发现带进一个具体关系。,从有道理转向有榜样
W43D03,43,3,IV 结出果子,回经文,腓4：9,别人从你的生活学到什么，往往比你说什么更深。,”,这段经文有没有一句话，正在挑战我对“别人可以从我的生命学到什么？”的原有理解？,有距离｜击中一点｜需要回应,有距离,击中一点,需要回应,用腓4：9安静5分钟，记下一句最需要带进生活的话。,小组分享一句经文如何进入自己的生活。,让经文从理解变成生活选择。,从有道理转向有榜样
W43D04,43,4,IV 结出果子,对照,路6：40,别人从你的生活学到什么，往往比你说什么更深。,把自己的旧习惯与新约的方向放在一起看：别人不只听你说什么，也会从你的日常选择学习怎样跟随基督。,我现在的做法，与今天看见的福音方向差在哪里？,仍按旧标准生活｜开始调整｜已经在实践,仍按旧标准生活,开始调整,已经在实践,做一个小调整，方向是：别人从你的生活学到什么，往往比你说什么更深。,伙伴帮助辨认差距，不评判属灵程度。,让生命方向影响家庭、工作或群体。,从有道理转向有榜样
W43D05,43,5,IV 结出果子,行动,约13：12-17,别人从你的生活学到什么，往往比你说什么更深。,把今天的回应缩小成一个可执行动作：选择一个会影响别人的习惯，刻意调整一周。,今天我能做哪一个小而真实的改变？,还没做｜做了一点｜认真完成了,还没做,做了一点,认真完成了,今天完成一个“小步行动”：选择一个会影响别人的习惯，刻意调整一周。,伙伴只追踪一个具体行动有没有发生。,一个小行动，就是生命果子的起点。,从有道理转向有榜样
W43D06,43,6,IV 结出果子,关系与传递,所学所领受所听所见都要实行,别人从你的生活学到什么，往往比你说什么更深。,把生命放进关系里：今天谁会因为我的选择而受益、受伤或得到安慰？,我的选择会怎样影响身边一个具体的人？,只顾自己｜开始留意别人｜主动做了一件事,只顾自己,开始留意别人,主动做了一件事,把今天的行动带进一个真实关系；伙伴只给一个具体观察。,如果别人照着我现在的生活学，他们会学到什么？,让影响力成为门训资源,从有道理转向有榜样
W43D07,43,7,IV 结出果子,回顾,腓4：9,别人从你的生活学到什么，往往比你说什么更深。,回顾这一周：我有没有从这个生命问题走出一点新的方向？下一步只保留一个继续操练的重点。,这周什么真的改变了一点？什么仍需要继续？,没有变化｜有一个小变化｜准备继续,没有变化,有一个小变化,准备继续,写下“一个改变、一个未完成、一个下一步”。,伙伴只给一个具体观察。,把这一周的学习带进下一周，而不是停在课程结束。,从有道理转向有榜样
W44D01,44,1,IV 结出果子,看见,路6：40,真正的生命传递，从自己先成为一个正在跟随基督的人开始。,先看见自己正在经历的“怎样把自己领受的传给别人？”，不用急着改变，先辨认它在生活中什么时候出现。,今天什么时候最容易出现这个问题：“怎样把自己领受的传给别人？”？,没有留意｜已经看见｜正在面对,没有留意,已经看见,正在面对,记录一次真实场景，只写“发生了什么”，不急着评价自己。,可以只分享一个真实场景，不解释、不辩护。,先让福音进入自己的真实生活。,从接受门训进入传递门训
W44D02,44,2,IV 结出果子,挖根,约13：15,真正的生命传递，从自己先成为一个正在跟随基督的人开始。,今天往里走一步：当“怎样把自己领受的传给别人？”出现时，我最怕失去、最想抓住或最想证明的是什么？,如果暂时不急着解决，我真正担心的是什么？,被反应推着走｜开始辨认根源｜愿意停下来,被反应推着走,开始辨认根源,愿意停下来,为今天发现的根源写下一句话：我真正害怕/抓住/证明的是______。,伙伴只问“你发现了什么？”，不急着给答案。,把自己的发现带进一个具体关系。,从接受门训进入传递门训
W44D03,44,3,IV 结出果子,回经文,路6：40,真正的生命传递，从自己先成为一个正在跟随基督的人开始。,”,这段经文有没有一句话，正在挑战我对“怎样把自己领受的传给别人？”的原有理解？,有距离｜击中一点｜需要回应,有距离,击中一点,需要回应,用路6：40安静5分钟，记下一句最需要带进生活的话。,小组分享一句经文如何进入自己的生活。,让经文从理解变成生活选择。,从接受门训进入传递门训
W44D04,44,4,IV 结出果子,对照,路9：1-6,真正的生命传递，从自己先成为一个正在跟随基督的人开始。,把自己的旧习惯与新约的方向放在一起看：生命传递不是复制答案，而是帮助另一个人学习跟随基督。,我现在的做法，与今天看见的福音方向差在哪里？,仍按旧标准生活｜开始调整｜已经在实践,仍按旧标准生活,开始调整,已经在实践,做一个小调整，方向是：真正的生命传递，从自己先成为一个正在跟随基督的人开始。,伙伴帮助辨认差距，不评判属灵程度。,让生命方向影响家庭、工作或群体。,从接受门训进入传递门训
W44D05,44,5,IV 结出果子,行动,约15：12-17,真正的生命传递，从自己先成为一个正在跟随基督的人开始。,把今天的回应缩小成一个可执行动作：本周完成一次共同实践，而不是单向讲解。,今天我能做哪一个小而真实的改变？,还没做｜做了一点｜认真完成了,还没做,做了一点,认真完成了,今天完成一个“小步行动”：完成一次共同实践，而不是单向讲解。,伙伴只追踪一个具体行动有没有发生。,一个小行动，就是生命果子的起点。,从接受门训进入传递门训
W44D06,44,6,IV 结出果子,关系与传递,约13：15,真正的生命传递，从自己先成为一个正在跟随基督的人开始。,把生命放进关系里：今天谁会因为我的选择而受益、受伤或得到安慰？,我的选择会怎样影响身边一个具体的人？,只顾自己｜开始留意别人｜主动做了一件事,只顾自己,开始留意别人,主动做了一件事,把今天的行动带进一个真实关系；伙伴观察陪伴是否具体。,我最想传给别人的是知识、经验，还是一种生活方式？,形成1对1或小型陪伴关系,从接受门训进入传递门训
W44D07,44,7,IV 结出果子,回顾,路6：40,真正的生命传递，从自己先成为一个正在跟随基督的人开始。,回顾这一周：我有没有从这个生命问题走出一点新的方向？下一步只保留一个继续操练的重点。,这周什么真的改变了一点？什么仍需要继续？,没有变化｜有一个小变化｜准备继续,没有变化,有一个小变化,准备继续,写下“一个改变、一个未完成、一个下一步”。,伙伴观察陪伴是否具体。,把这一周的学习带进下一周，而不是停在课程结束。,从接受门训进入传递门训
W45D01,45,1,IV 结出果子,看见,约21：15-17,帮助别人跟随，不等于替别人活。,先看见自己正在经历的“我怎样帮助另一个人跟随基督？”，不用急着改变，先辨认它在生活中什么时候出现。,今天什么时候最容易出现这个问题：“我怎样帮助另一个人跟随基督？”？,没有留意｜已经看见｜正在面对,没有留意,已经看见,正在面对,记录一次真实场景，只写“发生了什么”，不急着评价自己。,可以只分享一个真实场景，不解释、不辩护。,先让福音进入自己的真实生活。,从教导别人转向成全别人
W45D02,45,2,IV 结出果子,挖根,林前12：7,帮助别人跟随，不等于替别人活。,今天往里走一步：当“我怎样帮助另一个人跟随基督？”出现时，我最怕失去、最想抓住或最想证明的是什么？,如果暂时不急着解决，我真正担心的是什么？,被反应推着走｜开始辨认根源｜愿意停下来,被反应推着走,开始辨认根源,愿意停下来,为今天发现的根源写下一句话：我真正害怕/抓住/证明的是______。,伙伴只问“你发现了什么？”，不急着给答案。,把自己的发现带进一个具体关系。,从教导别人转向成全别人
W45D03,45,3,IV 结出果子,回经文,约21：15-17,帮助别人跟随，不等于替别人活。,”,这段经文有没有一句话，正在挑战我对“我怎样帮助另一个人跟随基督？”的原有理解？,有距离｜击中一点｜需要回应,有距离,击中一点,需要回应,用约21：15-17安静5分钟，记下一句最需要带进生活的话。,小组分享一句经文如何进入自己的生活。,让经文从理解变成生活选择。,从教导别人转向成全别人
W45D04,45,4,IV 结出果子,对照,路9：1-6,帮助别人跟随，不等于替别人活。,把自己的旧习惯与新约的方向放在一起看：跟随基督的人，也学习照顾和成全另一个生命，而不是控制他的成长。,我现在的做法，与今天看见的福音方向差在哪里？,仍按旧标准生活｜开始调整｜已经在实践,仍按旧标准生活,开始调整,已经在实践,做一个小调整，方向是：帮助别人跟随，不等于替别人活。,伙伴帮助辨认差距，不评判属灵程度。,让生命方向影响家庭、工作或群体。,从教导别人转向成全别人
W45D05,45,5,IV 结出果子,行动,约21：15-17,帮助别人跟随，不等于替别人活。,把今天的回应缩小成一个可执行动作：约一次，陪对方做一个实际生命操练。,今天我能做哪一个小而真实的改变？,还没做｜做了一点｜认真完成了,还没做,做了一点,认真完成了,今天完成一个“小步行动”：约一次，陪对方做一个实际生命操练。,伙伴只追踪一个具体行动有没有发生。,一个小行动，就是生命果子的起点。,从教导别人转向成全别人
W45D06,45,6,IV 结出果子,关系与传递,林前12：7,帮助别人跟随，不等于替别人活。,把生命放进关系里：今天谁会因为我的选择而受益、受伤或得到安慰？,我的选择会怎样影响身边一个具体的人？,只顾自己｜开始留意别人｜主动做了一件事,只顾自己,开始留意别人,主动做了一件事,把今天的行动带进一个真实关系；伙伴反馈陪伴是否留有自主空间。,我是在帮助他成长，还是在让他按我的方式成长？,建立可持续门徒关系,从教导别人转向成全别人
W45D07,45,7,IV 结出果子,回顾,约21：15-17,帮助别人跟随，不等于替别人活。,回顾这一周：我有没有从这个生命问题走出一点新的方向？下一步只保留一个继续操练的重点。,这周什么真的改变了一点？什么仍需要继续？,没有变化｜有一个小变化｜准备继续,没有变化,有一个小变化,准备继续,写下“一个改变、一个未完成、一个下一步”。,伙伴反馈陪伴是否留有自主空间。,把这一周的学习带进下一周，而不是停在课程结束。,从教导别人转向成全别人
W46D01,46,1,IV 结出果子,看见,林后1：3-7,你的患难不必成为白受，也可以在神手中成为安慰别人的力量。,先看见自己正在经历的“我的失败还能成为别人的帮助吗？”，不用急着改变，先辨认它在生活中什么时候出现。,今天什么时候最容易出现这个问题：“我的失败还能成为别人的帮助吗？”？,没有留意｜已经看见｜正在面对,没有留意,已经看见,正在面对,记录一次真实场景，只写“发生了什么”，不急着评价自己。,可以只分享一个真实场景，不解释、不辩护。,先让福音进入自己的真实生活。,从痛苦孤立转向有边界的安慰
W46D02,46,2,IV 结出果子,挖根,林后4：7-18,你的患难不必成为白受，也可以在神手中成为安慰别人的力量。,今天往里走一步：当“我的失败还能成为别人的帮助吗？”出现时，我最怕失去、最想抓住或最想证明的是什么？,如果暂时不急着解决，我真正担心的是什么？,被反应推着走｜开始辨认根源｜愿意停下来,被反应推着走,开始辨认根源,愿意停下来,为今天发现的根源写下一句话：我真正害怕/抓住/证明的是______。,伙伴只问“你发现了什么？”，不急着给答案。,把自己的发现带进一个具体关系。,从痛苦孤立转向有边界的安慰
W46D03,46,3,IV 结出果子,回经文,林后1：3-7,你的患难不必成为白受，也可以在神手中成为安慰别人的力量。,”,这段经文有没有一句话，正在挑战我对“我的失败还能成为别人的帮助吗？”的原有理解？,有距离｜击中一点｜需要回应,有距离,击中一点,需要回应,用林后1：3-7安静5分钟，记下一句最需要带进生活的话。,小组分享一句经文如何进入自己的生活。,让经文从理解变成生活选择。,从痛苦孤立转向有边界的安慰
W46D04,46,4,IV 结出果子,对照,路22：31-32,你的患难不必成为白受，也可以在神手中成为安慰别人的力量。,把自己的旧习惯与新约的方向放在一起看：神不美化患难，却能使人在受安慰之后成为别人的安慰者。,我现在的做法，与今天看见的福音方向差在哪里？,仍按旧标准生活｜开始调整｜已经在实践,仍按旧标准生活,开始调整,已经在实践,做一个小调整，方向是：你的患难不必成为白受，也可以在神手中成为安慰别人的力量。,伙伴帮助辨认差距，不评判属灵程度。,让生命方向影响家庭、工作或群体。,从痛苦孤立转向有边界的安慰
W46D05,46,5,IV 结出果子,行动,约16：33,你的患难不必成为白受，也可以在神手中成为安慰别人的力量。,把今天的回应缩小成一个可执行动作：本周陪伴一个正在经历类似困难的人。,今天我能做哪一个小而真实的改变？,还没做｜做了一点｜认真完成了,还没做,做了一点,认真完成了,今天完成一个“小步行动”：本周陪伴一个正在经历类似困难的人。,伙伴只追踪一个具体行动有没有发生。,一个小行动，就是生命果子的起点。,从痛苦孤立转向有边界的安慰
W46D06,46,6,IV 结出果子,关系与传递,林后4：7-18,你的患难不必成为白受，也可以在神手中成为安慰别人的力量。,把生命放进关系里：今天谁会因为我的选择而受益、受伤或得到安慰？,我的选择会怎样影响身边一个具体的人？,只顾自己｜开始留意别人｜主动做了一件事,只顾自己,开始留意别人,主动做了一件事,把今天的行动带进一个真实关系；伙伴关注安全边界，不逼人分享创伤细节。,这段经历今天还能让我更理解谁？,成为受苦者的陪伴者,从痛苦孤立转向有边界的安慰
W46D07,46,7,IV 结出果子,回顾,林后1：3-7,你的患难不必成为白受，也可以在神手中成为安慰别人的力量。,回顾这一周：我有没有从这个生命问题走出一点新的方向？下一步只保留一个继续操练的重点。,这周什么真的改变了一点？什么仍需要继续？,没有变化｜有一个小变化｜准备继续,没有变化,有一个小变化,准备继续,写下“一个改变、一个未完成、一个下一步”。,伙伴关注安全边界，不逼人分享创伤细节。,把这一周的学习带进下一周，而不是停在课程结束。,从痛苦孤立转向有边界的安慰
W47D01,47,1,IV 结出果子,看见,腓3：12-14,成熟不是已经完全，而是继续向着基督所呼召的方向前进。,先看见自己正在经历的“怎样忠心走完自己的路？”，不用急着改变，先辨认它在生活中什么时候出现。,今天什么时候最容易出现这个问题：“怎样忠心走完自己的路？”？,没有留意｜已经看见｜正在面对,没有留意,已经看见,正在面对,记录一次真实场景，只写“发生了什么”，不急着评价自己。,可以只分享一个真实场景，不解释、不辩护。,先让福音进入自己的真实生活。,从短期热情转向长期忠心
W47D02,47,2,IV 结出果子,挖根,忘记背后、努力面前、向着标竿直跑,成熟不是已经完全，而是继续向着基督所呼召的方向前进。,今天往里走一步：当“怎样忠心走完自己的路？”出现时，我最怕失去、最想抓住或最想证明的是什么？,如果暂时不急着解决，我真正担心的是什么？,被反应推着走｜开始辨认根源｜愿意停下来,被反应推着走,开始辨认根源,愿意停下来,为今天发现的根源写下一句话：我真正害怕/抓住/证明的是______。,伙伴只问“你发现了什么？”，不急着给答案。,把自己的发现带进一个具体关系。,从短期热情转向长期忠心
W47D03,47,3,IV 结出果子,回经文,腓3：12-14,成熟不是已经完全，而是继续向着基督所呼召的方向前进。,”,这段经文有没有一句话，正在挑战我对“怎样忠心走完自己的路？”的原有理解？,有距离｜击中一点｜需要回应,有距离,击中一点,需要回应,用腓3：12-14安静5分钟，记下一句最需要带进生活的话。,小组分享一句经文如何进入自己的生活。,让经文从理解变成生活选择。,从短期热情转向长期忠心
W47D04,47,4,IV 结出果子,对照,路9：23,成熟不是已经完全，而是继续向着基督所呼召的方向前进。,把自己的旧习惯与新约的方向放在一起看：成熟不是已经完全，而是承认尚未完全，却继续向基督所呼召的方向前进。,我现在的做法，与今天看见的福音方向差在哪里？,仍按旧标准生活｜开始调整｜已经在实践,仍按旧标准生活,开始调整,已经在实践,做一个小调整，方向是：成熟不是已经完全，而是继续向着基督所呼召的方向前进。,伙伴帮助辨认差距，不评判属灵程度。,让生命方向影响家庭、工作或群体。,从短期热情转向长期忠心
W47D05,47,5,IV 结出果子,行动,约15：4-8,成熟不是已经完全，而是继续向着基督所呼召的方向前进。,把今天的回应缩小成一个可执行动作：本周完成一次“没人看见也要做”的忠心行动。,今天我能做哪一个小而真实的改变？,还没做｜做了一点｜认真完成了,还没做,做了一点,认真完成了,今天完成一个“小步行动”：完成一次“没人看见也要做”的忠心行动。,伙伴只追踪一个具体行动有没有发生。,一个小行动，就是生命果子的起点。,从短期热情转向长期忠心
W47D06,47,6,IV 结出果子,关系与传递,忘记背后、努力面前、向着标竿直跑,成熟不是已经完全，而是继续向着基督所呼召的方向前进。,把生命放进关系里：今天谁会因为我的选择而受益、受伤或得到安慰？,我的选择会怎样影响身边一个具体的人？,只顾自己｜开始留意别人｜主动做了一件事,只顾自己,开始留意别人,主动做了一件事,把今天的行动带进一个真实关系；伙伴负责提醒，不负责监督每个细节。,什么会让我在没有回报时停止？,帮助别人坚持而非制造压力,从短期热情转向长期忠心
W47D07,47,7,IV 结出果子,回顾,腓3：12-14,成熟不是已经完全，而是继续向着基督所呼召的方向前进。,回顾这一周：我有没有从这个生命问题走出一点新的方向？下一步只保留一个继续操练的重点。,这周什么真的改变了一点？什么仍需要继续？,没有变化｜有一个小变化｜准备继续,没有变化,有一个小变化,准备继续,写下“一个改变、一个未完成、一个下一步”。,伙伴负责提醒，不负责监督每个细节。,把这一周的学习带进下一周，而不是停在课程结束。,从短期热情转向长期忠心
W48D01,48,1,IV 结出果子,看见,约15：16,不要只追求短暂成果，让生命结出能够存留的果子。,先看见自己正在经历的“我的生命能够留下什么？”，不用急着改变，先辨认它在生活中什么时候出现。,今天什么时候最容易出现这个问题：“我的生命能够留下什么？”？,没有留意｜已经看见｜正在面对,没有留意,已经看见,正在面对,记录一次真实场景，只写“发生了什么”，不急着评价自己。,可以只分享一个真实场景，不解释、不辩护。,先让福音进入自己的真实生活。,从留下名声转向留下生命果子
W48D02,48,2,IV 结出果子,挖根,林前15：58,不要只追求短暂成果，让生命结出能够存留的果子。,今天往里走一步：当“我的生命能够留下什么？”出现时，我最怕失去、最想抓住或最想证明的是什么？,如果暂时不急着解决，我真正担心的是什么？,被反应推着走｜开始辨认根源｜愿意停下来,被反应推着走,开始辨认根源,愿意停下来,为今天发现的根源写下一句话：我真正害怕/抓住/证明的是______。,伙伴只问“你发现了什么？”，不急着给答案。,把自己的发现带进一个具体关系。,从留下名声转向留下生命果子
W48D03,48,3,IV 结出果子,回经文,约15：16,不要只追求短暂成果，让生命结出能够存留的果子。,”,这段经文有没有一句话，正在挑战我对“我的生命能够留下什么？”的原有理解？,有距离｜击中一点｜需要回应,有距离,击中一点,需要回应,用约15：16安静5分钟，记下一句最需要带进生活的话。,小组分享一句经文如何进入自己的生活。,让经文从理解变成生活选择。,从留下名声转向留下生命果子
W48D04,48,4,IV 结出果子,对照,路12：13-21,不要只追求短暂成果，让生命结出能够存留的果子。,把自己的旧习惯与新约的方向放在一起看：值得存留的不是短暂的自我成就，而是从基督而来的生命果子、爱与他人生命的建造。,我现在的做法，与今天看见的福音方向差在哪里？,仍按旧标准生活｜开始调整｜已经在实践,仍按旧标准生活,开始调整,已经在实践,做一个小调整，方向是：不要只追求短暂成果，让生命结出能够存留的果子。,伙伴帮助辨认差距，不评判属灵程度。,让生命方向影响家庭、工作或群体。,从留下名声转向留下生命果子
W48D05,48,5,IV 结出果子,行动,约15：8-17,不要只追求短暂成果，让生命结出能够存留的果子。,把今天的回应缩小成一个可执行动作：把时间投向一项能长期造福别人的关系或操练。,今天我能做哪一个小而真实的改变？,还没做｜做了一点｜认真完成了,还没做,做了一点,认真完成了,今天完成一个“小步行动”：把时间投向一项能长期造福别人的关系或操练。,伙伴只追踪一个具体行动有没有发生。,一个小行动，就是生命果子的起点。,从留下名声转向留下生命果子
W48D06,48,6,IV 结出果子,关系与传递,林前15：58,不要只追求短暂成果，让生命结出能够存留的果子。,把生命放进关系里：今天谁会因为我的选择而受益、受伤或得到安慰？,我的选择会怎样影响身边一个具体的人？,只顾自己｜开始留意别人｜主动做了一件事,只顾自己,开始留意别人,主动做了一件事,把今天的行动带进一个真实关系；伙伴问“什么值得长期投资？”,多年后别人最可能记住我什么？,把影响力转向人而非名声,从留下名声转向留下生命果子
W48D07,48,7,IV 结出果子,回顾,约15：16,不要只追求短暂成果，让生命结出能够存留的果子。,回顾这一周：我有没有从这个生命问题走出一点新的方向？下一步只保留一个继续操练的重点。,这周什么真的改变了一点？什么仍需要继续？,没有变化｜有一个小变化｜准备继续,没有变化,有一个小变化,准备继续,写下“一个改变、一个未完成、一个下一步”。,伙伴问“什么值得长期投资？”,把这一周的学习带进下一周，而不是停在课程结束。,从留下名声转向留下生命果子
W49D01,49,1,IV 结出果子,看见,腓4：9,真正值得传下去的，不只是拥有的东西，而是怎样生活、怎样跟随基督。,先看见自己正在经历的“什么值得传下去？”，不用急着改变，先辨认它在生活中什么时候出现。,今天什么时候最容易出现这个问题：“什么值得传下去？”？,没有留意｜已经看见｜正在面对,没有留意,已经看见,正在面对,记录一次真实场景，只写“发生了什么”，不急着评价自己。,可以只分享一个真实场景，不解释、不辩护。,先让福音进入自己的真实生活。,从物质传承转向生命传承
W49D02,49,2,IV 结出果子,挖根,林前11：1,真正值得传下去的，不只是拥有的东西，而是怎样生活、怎样跟随基督。,今天往里走一步：当“什么值得传下去？”出现时，我最怕失去、最想抓住或最想证明的是什么？,如果暂时不急着解决，我真正担心的是什么？,被反应推着走｜开始辨认根源｜愿意停下来,被反应推着走,开始辨认根源,愿意停下来,为今天发现的根源写下一句话：我真正害怕/抓住/证明的是______。,伙伴只问“你发现了什么？”，不急着给答案。,把自己的发现带进一个具体关系。,从物质传承转向生命传承
W49D03,49,3,IV 结出果子,回经文,腓4：9,真正值得传下去的，不只是拥有的东西，而是怎样生活、怎样跟随基督。,”,这段经文有没有一句话，正在挑战我对“什么值得传下去？”的原有理解？,有距离｜击中一点｜需要回应,有距离,击中一点,需要回应,用腓4：9安静5分钟，记下一句最需要带进生活的话。,小组分享一句经文如何进入自己的生活。,让经文从理解变成生活选择。,从物质传承转向生命传承
W49D04,49,4,IV 结出果子,对照,路6：40,真正值得传下去的，不只是拥有的东西，而是怎样生活、怎样跟随基督。,把自己的旧习惯与新约的方向放在一起看：最值得传递的，不只是拥有的东西，而是怎样生活、怎样爱人、怎样跟随基督。,我现在的做法，与今天看见的福音方向差在哪里？,仍按旧标准生活｜开始调整｜已经在实践,仍按旧标准生活,开始调整,已经在实践,做一个小调整，方向是：真正值得传下去的，不只是拥有的东西，而是怎样生活、怎样跟随基督。,伙伴帮助辨认差距，不评判属灵程度。,让生命方向影响家庭、工作或群体。,从物质传承转向生命传承
W49D05,49,5,IV 结出果子,行动,约13：34-35,真正值得传下去的，不只是拥有的东西，而是怎样生活、怎样跟随基督。,把今天的回应缩小成一个可执行动作：本周和一个比自己年轻的人一起做一件有意义的事，而非单向教导。,今天我能做哪一个小而真实的改变？,还没做｜做了一点｜认真完成了,还没做,做了一点,认真完成了,今天完成一个“小步行动”：本周和一个比自己年轻的人一起做一件有意义的事，而非单向教导。,伙伴只追踪一个具体行动有没有发生。,一个小行动，就是生命果子的起点。,从物质传承转向生命传承
W49D06,49,6,IV 结出果子,关系与传递,林前11：1,真正值得传下去的，不只是拥有的东西，而是怎样生活、怎样跟随基督。,把生命放进关系里：今天谁会因为我的选择而受益、受伤或得到安慰？,我的选择会怎样影响身边一个具体的人？,只顾自己｜开始留意别人｜主动做了一件事,只顾自己,开始留意别人,主动做了一件事,把今天的行动带进一个真实关系；伙伴反馈是否“可见、可模仿”。,我真正希望下一代从我身上学到什么？,为下一代提供可模仿的生活,从物质传承转向生命传承
W49D07,49,7,IV 结出果子,回顾,腓4：9,真正值得传下去的，不只是拥有的东西，而是怎样生活、怎样跟随基督。,回顾这一周：我有没有从这个生命问题走出一点新的方向？下一步只保留一个继续操练的重点。,这周什么真的改变了一点？什么仍需要继续？,没有变化｜有一个小变化｜准备继续,没有变化,有一个小变化,准备继续,写下“一个改变、一个未完成、一个下一步”。,伙伴反馈是否“可见、可模仿”。,把这一周的学习带进下一周，而不是停在课程结束。,从物质传承转向生命传承
W50D01,50,1,IV 结出果子,看见,罗12：1-2,不要只问我要得到什么，也问我愿意把自己交给什么。,先看见自己正在经历的“如果今天重新开始，我愿意把生命交给什么？”，不用急着改变，先辨认它在生活中什么时候出现。,今天什么时候最容易出现这个问题：“如果今天重新开始，我愿意把生命交给什么？”？,没有留意｜已经看见｜正在面对,没有留意,已经看见,正在面对,记录一次真实场景，只写“发生了什么”，不急着评价自己。,可以只分享一个真实场景，不解释、不辩护。,先让福音进入自己的真实生活。,从自我管理转向献上与委身
W50D02,50,2,IV 结出果子,挖根,将身体献上、心意更新、察验旨意,不要只问我要得到什么，也问我愿意把自己交给什么。,今天往里走一步：当“如果今天重新开始，我愿意把生命交给什么？”出现时，我最怕失去、最想抓住或最想证明的是什么？,如果暂时不急着解决，我真正担心的是什么？,被反应推着走｜开始辨认根源｜愿意停下来,被反应推着走,开始辨认根源,愿意停下来,为今天发现的根源写下一句话：我真正害怕/抓住/证明的是______。,伙伴只问“你发现了什么？”，不急着给答案。,把自己的发现带进一个具体关系。,从自我管理转向献上与委身
W50D03,50,3,IV 结出果子,回经文,罗12：1-2,不要只问我要得到什么，也问我愿意把自己交给什么。,”,这段经文有没有一句话，正在挑战我对“如果今天重新开始，我愿意把生命交给什么？”的原有理解？,有距离｜击中一点｜需要回应,有距离,击中一点,需要回应,用罗12：1-2安静5分钟，记下一句最需要带进生活的话。,小组分享一句经文如何进入自己的生活。,让经文从理解变成生活选择。,从自我管理转向献上与委身
W50D04,50,4,IV 结出果子,对照,路9：23-25,不要只问我要得到什么，也问我愿意把自己交给什么。,把自己的旧习惯与新约的方向放在一起看：成熟不是更会安排自己，而是越来越愿意把自己交还给神，并在具体生活中委身。,我现在的做法，与今天看见的福音方向差在哪里？,仍按旧标准生活｜开始调整｜已经在实践,仍按旧标准生活,开始调整,已经在实践,做一个小调整，方向是：不要只问我要得到什么，也问我愿意把自己交给什么。,伙伴帮助辨认差距，不评判属灵程度。,让生命方向影响家庭、工作或群体。,从自我管理转向献上与委身
W50D05,50,5,IV 结出果子,行动,约20：21,不要只问我要得到什么，也问我愿意把自己交给什么。,把今天的回应缩小成一个可执行动作：为其中一项做一个30天具体计划并告诉伙伴。,今天我能做哪一个小而真实的改变？,还没做｜做了一点｜认真完成了,还没做,做了一点,认真完成了,今天完成一个“小步行动”：为其中一项做一个30天具体计划并告诉伙伴。,伙伴只追踪一个具体行动有没有发生。,一个小行动，就是生命果子的起点。,从自我管理转向献上与委身
W50D06,50,6,IV 结出果子,关系与传递,将身体献上、心意更新、察验旨意,不要只问我要得到什么，也问我愿意把自己交给什么。,把生命放进关系里：今天谁会因为我的选择而受益、受伤或得到安慰？,我的选择会怎样影响身边一个具体的人？,只顾自己｜开始留意别人｜主动做了一件事,只顾自己,开始留意别人,主动做了一件事,把今天的行动带进一个真实关系；伙伴帮助把委身变成可执行计划。,如果重新开始，我最愿意为谁、为哪件事忠心？,把委身落到关系、职业与使命,从自我管理转向献上与委身
W50D07,50,7,IV 结出果子,回顾,罗12：1-2,不要只问我要得到什么，也问我愿意把自己交给什么。,回顾这一周：我有没有从这个生命问题走出一点新的方向？下一步只保留一个继续操练的重点。,这周什么真的改变了一点？什么仍需要继续？,没有变化｜有一个小变化｜准备继续,没有变化,有一个小变化,准备继续,写下“一个改变、一个未完成、一个下一步”。,伙伴帮助把委身变成可执行计划。,把这一周的学习带进下一周，而不是停在课程结束。,从自我管理转向献上与委身
W51D01,51,1,IV 结出果子,看见,腓4：8-9,不要只问自己做得怎样，也问：神这一年在哪里改变了我？,先看见自己正在经历的“这一年，我哪些地方开始不一样？”，不用急着改变，先辨认它在生活中什么时候出现。,今天什么时候最容易出现这个问题：“这一年，我哪些地方开始不一样？”？,没有留意｜已经看见｜正在面对,没有留意,已经看见,正在面对,记录一次真实场景，只写“发生了什么”，不急着评价自己。,可以只分享一个真实场景，不解释、不辩护。,先让福音进入自己的真实生活。,从自我评估转向感恩与整合
W51D02,51,2,IV 结出果子,挖根,思想、学习、领受、看见→实行,不要只问自己做得怎样，也问：神这一年在哪里改变了我？,今天往里走一步：当“这一年，我哪些地方开始不一样？”出现时，我最怕失去、最想抓住或最想证明的是什么？,如果暂时不急着解决，我真正担心的是什么？,被反应推着走｜开始辨认根源｜愿意停下来,被反应推着走,开始辨认根源,愿意停下来,为今天发现的根源写下一句话：我真正害怕/抓住/证明的是______。,伙伴只问“你发现了什么？”，不急着给答案。,把自己的发现带进一个具体关系。,从自我评估转向感恩与整合
W51D03,51,3,IV 结出果子,回经文,腓4：8-9,不要只问自己做得怎样，也问：神这一年在哪里改变了我？,”,这段经文有没有一句话，正在挑战我对“这一年，我哪些地方开始不一样？”的原有理解？,有距离｜击中一点｜需要回应,有距离,击中一点,需要回应,用腓4：8-9安静5分钟，记下一句最需要带进生活的话。,小组分享一句经文如何进入自己的生活。,让经文从理解变成生活选择。,从自我评估转向感恩与整合
W51D04,51,4,IV 结出果子,对照,路24：32,不要只问自己做得怎样，也问：神这一年在哪里改变了我？,把自己的旧习惯与新约的方向放在一起看：年度回顾不是给自己打分，而是辨认神的工作、自己的回应，以及下一步仍需学习的地方。,我现在的做法，与今天看见的福音方向差在哪里？,仍按旧标准生活｜开始调整｜已经在实践,仍按旧标准生活,开始调整,已经在实践,做一个小调整，方向是：不要只问自己做得怎样，也问：神这一年在哪里改变了我？。,伙伴帮助辨认差距，不评判属灵程度。,让生命方向影响家庭、工作或群体。,从自我评估转向感恩与整合
W51D05,51,5,IV 结出果子,行动,约15：1-8,不要只问自己做得怎样，也问：神这一年在哪里改变了我？,把今天的回应缩小成一个可执行动作：写一页“这一年我的生命故事”，不是成绩报告。,今天我能做哪一个小而真实的改变？,还没做｜做了一点｜认真完成了,还没做,做了一点,认真完成了,今天完成一个“小步行动”：写一页“这一年我的生命故事”，不是成绩报告。,伙伴只追踪一个具体行动有没有发生。,一个小行动，就是生命果子的起点。,从自我评估转向感恩与整合
W51D06,51,6,IV 结出果子,关系与传递,思想、学习、领受、看见→实行,不要只问自己做得怎样，也问：神这一年在哪里改变了我？,把生命放进关系里：今天谁会因为我的选择而受益、受伤或得到安慰？,我的选择会怎样影响身边一个具体的人？,只顾自己｜开始留意别人｜主动做了一件事,只顾自己,开始留意别人,主动做了一件事,把今天的行动带进一个真实关系；伙伴分享一项改变与一项下一步。,哪一个改变最值得感谢？哪一项仍需要继续？,把见证整理成可分享的生命故事,从自我评估转向感恩与整合
W51D07,51,7,IV 结出果子,回顾,腓4：8-9,不要只问自己做得怎样，也问：神这一年在哪里改变了我？,回顾这一周：我有没有从这个生命问题走出一点新的方向？下一步只保留一个继续操练的重点。,这周什么真的改变了一点？什么仍需要继续？,没有变化｜有一个小变化｜准备继续,没有变化,有一个小变化,准备继续,写下“一个改变、一个未完成、一个下一步”。,伙伴分享一项改变与一项下一步。,把这一周的学习带进下一周，而不是停在课程结束。,从自我评估转向感恩与整合
W52D01,52,1,IV 结出果子,看见,腓3：13-14,这一年不是终点，我要继续向着基督呼召的方向前进。,先看见自己正在经历的“我现在要继续走向哪里？”，不用急着改变，先辨认它在生活中什么时候出现。,今天什么时候最容易出现这个问题：“我现在要继续走向哪里？”？,没有留意｜已经看见｜正在面对,没有留意,已经看见,正在面对,记录一次真实场景，只写“发生了什么”，不急着评价自己。,可以只分享一个真实场景，不解释、不辩护。,先让福音进入自己的真实生活。,从完成课程进入持续门徒生命
W52D02,52,2,IV 结出果子,挖根,提后4：7-8,这一年不是终点，我要继续向着基督呼召的方向前进。,今天往里走一步：当“我现在要继续走向哪里？”出现时，我最怕失去、最想抓住或最想证明的是什么？,如果暂时不急着解决，我真正担心的是什么？,被反应推着走｜开始辨认根源｜愿意停下来,被反应推着走,开始辨认根源,愿意停下来,为今天发现的根源写下一句话：我真正害怕/抓住/证明的是______。,伙伴只问“你发现了什么？”，不急着给答案。,把自己的发现带进一个具体关系。,从完成课程进入持续门徒生命
W52D03,52,3,IV 结出果子,回经文,腓3：13-14,这一年不是终点，我要继续向着基督呼召的方向前进。,”,这段经文有没有一句话，正在挑战我对“我现在要继续走向哪里？”的原有理解？,有距离｜击中一点｜需要回应,有距离,击中一点,需要回应,用腓3：13-14安静5分钟，记下一句最需要带进生活的话。,小组分享一句经文如何进入自己的生活。,让经文从理解变成生活选择。,从完成课程进入持续门徒生命
W52D04,52,4,IV 结出果子,对照,路24：44-49,这一年不是终点，我要继续向着基督呼召的方向前进。,把自己的旧习惯与新约的方向放在一起看：回顾不是结束，而是重新进入下一段跟随、服事与使命。,我现在的做法，与今天看见的福音方向差在哪里？,仍按旧标准生活｜开始调整｜已经在实践,仍按旧标准生活,开始调整,已经在实践,做一个小调整，方向是：这一年不是终点，我要继续向着基督呼召的方向前进。,伙伴帮助辨认差距，不评判属灵程度。,让生命方向影响家庭、工作或群体。,从完成课程进入持续门徒生命
W52D05,52,5,IV 结出果子,行动,约20：21,这一年不是终点，我要继续向着基督呼召的方向前进。,把今天的回应缩小成一个可执行动作：把下一阶段第一步安排进日历。,今天我能做哪一个小而真实的改变？,还没做｜做了一点｜认真完成了,还没做,做了一点,认真完成了,今天完成一个“小步行动”：把下一阶段第一步安排进日历。,伙伴只追踪一个具体行动有没有发生。,一个小行动，就是生命果子的起点。,从完成课程进入持续门徒生命
W52D06,52,6,IV 结出果子,关系与传递,提后4：7-8,这一年不是终点，我要继续向着基督呼召的方向前进。,把生命放进关系里：今天谁会因为我的选择而受益、受伤或得到安慰？,我的选择会怎样影响身边一个具体的人？,只顾自己｜开始留意别人｜主动做了一件事,只顾自己,开始留意别人,主动做了一件事,把今天的行动带进一个真实关系；伙伴约定未来90天一次回顾。,如果这一年只是开始，下一步最重要的忠心是什么？,继续成为祝福并帮助别人跟随,从完成课程进入持续门徒生命
W52D07,52,7,IV 结出果子,回顾,腓3：13-14,这一年不是终点，我要继续向着基督呼召的方向前进。,回顾这一周：我有没有从这个生命问题走出一点新的方向？下一步只保留一个继续操练的重点。,这周什么真的改变了一点？什么仍需要继续？,没有变化｜有一个小变化｜准备继续,没有变化,有一个小变化,准备继续,写下“一个改变、一个未完成、一个下一步”。,伙伴约定未来90天一次回顾。,把这一周的学习带进下一周，而不是停在课程结束。,从完成课程进入持续门徒生命
